Outlet_ID,Outlet_Name,City,Location_Tier,Outlet_Size,Outlet_Type,Establishment_Year
OUT0001,Blinkit Mumbai - 1,Mumbai,Tier 1,Small,Dark Store,2023
OUT0002,Blinkit Delhi - 1,Delhi,Tier 1,Medium,Warehouse Store,2021
OUT0003,Blinkit Bengaluru - 1,Bengaluru,Tier 1,Large,Express Hub,2019
OUT0004,Blinkit Hyderabad - 1,Hyderabad,Tier 1,Small,Dark Store,2022
OUT0005,Blinkit Chennai - 1,Chennai,Tier 1,Medium,Dark Store,2021
OUT0006,Blinkit Pune - 1,Pune,Tier 1,Medium,Dark Store,2024
OUT0007,Blinkit Kolkata - 1,Kolkata,Tier 1,Medium,Warehouse Store,2023
OUT0008,Blinkit Ahmedabad - 1,Ahmedabad,Tier 1,Large,Express Hub,2020
OUT0009,Blinkit Noida - 1,Noida,Tier 1,Medium,Express Hub,2023
OUT0010,Blinkit Gurugram - 1,Gurugram,Tier 1,Medium,Dark Store,2021
OUT0011,Blinkit Jaipur - 1,Jaipur,Tier 2,Medium,Dark Store,2021
OUT0012,Blinkit Lucknow - 1,Lucknow,Tier 2,Large,Dark Store,2021
OUT0013,Blinkit Coimbatore - 1,Coimbatore,Tier 2,Small,Express Hub,2023
OUT0014,Blinkit Indore - 1,Indore,Tier 2,Medium,Express Hub,2023
OUT0015,Blinkit Nagpur - 1,Nagpur,Tier 2,Large,Dark Store,2024
OUT0016,Blinkit Bhopal - 1,Bhopal,Tier 2,Medium,Dark Store,2022
OUT0017,Blinkit Kochi - 1,Kochi,Tier 2,Small,Express Hub,2023
OUT0018,Blinkit Chandigarh - 1,Chandigarh,Tier 2,Small,Warehouse Store,2019
OUT0019,Blinkit Surat - 1,Surat,Tier 2,Large,Warehouse Store,2023
OUT0020,Blinkit Vadodara - 1,Vadodara,Tier 2,Small,Dark Store,2021
OUT0021,Blinkit Visakhapatnam - 1,Visakhapatnam,Tier 2,Small,Warehouse Store,2022
OUT0022,Blinkit Patna - 1,Patna,Tier 2,Small,Dark Store,2018
OUT0023,Blinkit Tiruppur - 1,Tiruppur,Tier 3,Small,Express Hub,2020
OUT0024,Blinkit Guwahati - 1,Guwahati,Tier 3,Medium,Express Hub,2021
OUT0025,Blinkit Ranchi - 1,Ranchi,Tier 3,Medium,Dark Store,2022
OUT0026,Blinkit Mysuru - 1,Mysuru,Tier 3,Small,Warehouse Store,2020
OUT0027,Blinkit Nashik - 1,Nashik,Tier 3,Small,Dark Store,2022
OUT0028,Blinkit Raipur - 1,Raipur,Tier 3,Medium,Dark Store,2023
OUT0029,Blinkit Dehradun - 1,Dehradun,Tier 3,Medium,Express Hub,2023
OUT0030,Blinkit Jodhpur - 1,Jodhpur,Tier 3,Small,Warehouse Store,2020
OUT0031,Blinkit Madurai - 1,Madurai,Tier 3,Medium,Dark Store,2022
OUT0032,Blinkit Amritsar - 1,Amritsar,Tier 3,Large,Dark Store,2019
OUT0033,Blinkit Varanasi - 1,Varanasi,Tier 3,Medium,Dark Store,2023
OUT0034,Blinkit Siliguri - 1,Siliguri,Tier 3,Large,Dark Store,2018
OUT0035,Blinkit Mumbai - 2,Mumbai,Tier 1,Medium,Dark Store,2019
OUT0036,Blinkit Delhi - 2,Delhi,Tier 1,Small,Express Hub,2021
OUT0037,Blinkit Bengaluru - 2,Bengaluru,Tier 1,Small,Dark Store,2021
OUT0038,Blinkit Hyderabad - 2,Hyderabad,Tier 1,Small,Dark Store,2020
OUT0039,Blinkit Chennai - 2,Chennai,Tier 1,Medium,Express Hub,2020
OUT0040,Blinkit Pune - 2,Pune,Tier 1,Small,Warehouse Store,2019
OUT0041,Blinkit Kolkata - 2,Kolkata,Tier 1,Medium,Dark Store,2023
OUT0042,Blinkit Ahmedabad - 2,Ahmedabad,Tier 1,Small,Dark Store,2021
OUT0043,Blinkit Noida - 2,Noida,Tier 1,Medium,Dark Store,2021
OUT0044,Blinkit Gurugram - 2,Gurugram,Tier 1,Small,Dark Store,2022
OUT0045,Blinkit Jaipur - 2,Jaipur,Tier 2,Large,Dark Store,2023
OUT0046,Blinkit Lucknow - 2,Lucknow,Tier 2,Small,Dark Store,2022
OUT0047,Blinkit Coimbatore - 2,Coimbatore,Tier 2,Small,Dark Store,2023
OUT0048,Blinkit Indore - 2,Indore,Tier 2,Small,Dark Store,2022
OUT0049,Blinkit Nagpur - 2,Nagpur,Tier 2,Large,Express Hub,2021
OUT0050,Blinkit Bhopal - 2,Bhopal,Tier 2,Small,Express Hub,2021
OUT0051,Blinkit Kochi - 2,Kochi,Tier 2,Medium,Express Hub,2019
OUT0052,Blinkit Chandigarh - 2,Chandigarh,Tier 2,Small,Dark Store,2021
OUT0053,Blinkit Surat - 2,Surat,Tier 2,Medium,Express Hub,2018
OUT0054,Blinkit Vadodara - 2,Vadodara,Tier 2,Medium,Express Hub,2020
OUT0055,Blinkit Visakhapatnam - 2,Visakhapatnam,Tier 2,Small,Dark Store,2019
OUT0056,Blinkit Patna - 2,Patna,Tier 2,Medium,Express Hub,2022
OUT0057,Blinkit Tiruppur - 2,Tiruppur,Tier 3,Medium,Warehouse Store,2023
OUT0058,Blinkit Guwahati - 2,Guwahati,Tier 3,Large,Express Hub,2023
OUT0059,Blinkit Ranchi - 2,Ranchi,Tier 3,Large,Warehouse Store,2023
OUT0060,Blinkit Mysuru - 2,Mysuru,Tier 3,Medium,Dark Store,2021
OUT0061,Blinkit Nashik - 2,Nashik,Tier 3,Medium,Express Hub,2023
OUT0062,Blinkit Raipur - 2,Raipur,Tier 3,Large,Dark Store,2023
OUT0063,Blinkit Dehradun - 2,Dehradun,Tier 3,Medium,Warehouse Store,2023
OUT0064,Blinkit Jodhpur - 2,Jodhpur,Tier 3,Medium,Dark Store,2024
OUT0065,Blinkit Madurai - 2,Madurai,Tier 3,Large,Dark Store,2020
OUT0066,Blinkit Amritsar - 2,Amritsar,Tier 3,Medium,Dark Store,2023
OUT0067,Blinkit Varanasi - 2,Varanasi,Tier 3,Small,Express Hub,2020
OUT0068,Blinkit Siliguri - 2,Siliguri,Tier 3,Small,Express Hub,2022
OUT0069,Blinkit Mumbai - 3,Mumbai,Tier 1,Large,Dark Store,2020
OUT0070,Blinkit Delhi - 3,Delhi,Tier 1,Small,Dark Store,2020
OUT0071,Blinkit Bengaluru - 3,Bengaluru,Tier 1,Medium,Dark Store,2021
OUT0072,Blinkit Hyderabad - 3,Hyderabad,Tier 1,Small,Dark Store,2021
OUT0073,Blinkit Chennai - 3,Chennai,Tier 1,Small,Warehouse Store,2024
OUT0074,Blinkit Pune - 3,Pune,Tier 1,Small,Dark Store,2021
OUT0075,Blinkit Kolkata - 3,Kolkata,Tier 1,Medium,Dark Store,2019
OUT0076,Blinkit Ahmedabad - 3,Ahmedabad,Tier 1,Medium,Express Hub,2021
OUT0077,Blinkit Noida - 3,Noida,Tier 1,Large,Express Hub,2024
OUT0078,Blinkit Gurugram - 3,Gurugram,Tier 1,Medium,Dark Store,2023
OUT0079,Blinkit Jaipur - 3,Jaipur,Tier 2,Small,Express Hub,2023
OUT0080,Blinkit Lucknow - 3,Lucknow,Tier 2,Small,Express Hub,2024
OUT0081,Blinkit Coimbatore - 3,Coimbatore,Tier 2,Small,Dark Store,2024
OUT0082,Blinkit Indore - 3,Indore,Tier 2,Large,Dark Store,2024
OUT0083,Blinkit Nagpur - 3,Nagpur,Tier 2,Medium,Dark Store,2021
OUT0084,Blinkit Bhopal - 3,Bhopal,Tier 2,Small,Dark Store,2021
OUT0085,Blinkit Kochi - 3,Kochi,Tier 2,Medium,Express Hub,2022
OUT0086,Blinkit Chandigarh - 3,Chandigarh,Tier 2,Medium,Dark Store,2023
OUT0087,Blinkit Surat - 3,Surat,Tier 2,Small,Dark Store,2018
OUT0088,Blinkit Vadodara - 3,Vadodara,Tier 2,Small,Dark Store,2020
OUT0089,Blinkit Visakhapatnam - 3,Visakhapatnam,Tier 2,Medium,Warehouse Store,2022
OUT0090,Blinkit Patna - 3,Patna,Tier 2,Medium,Dark Store,2023
OUT0091,Blinkit Tiruppur - 3,Tiruppur,Tier 3,Small,Dark Store,2022
OUT0092,Blinkit Guwahati - 3,Guwahati,Tier 3,Medium,Dark Store,2021
OUT0093,Blinkit Ranchi - 3,Ranchi,Tier 3,Large,Express Hub,2022
OUT0094,Blinkit Mysuru - 3,Mysuru,Tier 3,Medium,Dark Store,2022
OUT0095,Blinkit Nashik - 3,Nashik,Tier 3,Medium,Dark Store,2023
OUT0096,Blinkit Raipur - 3,Raipur,Tier 3,Large,Express Hub,2021
OUT0097,Blinkit Dehradun - 3,Dehradun,Tier 3,Medium,Dark Store,2021
OUT0098,Blinkit Jodhpur - 3,Jodhpur,Tier 3,Small,Dark Store,2021
OUT0099,Blinkit Madurai - 3,Madurai,Tier 3,Small,Express Hub,2022
OUT0100,Blinkit Amritsar - 3,Amritsar,Tier 3,Medium,Express Hub,2021
OUT0101,Blinkit Varanasi - 3,Varanasi,Tier 3,Medium,Warehouse Store,2022
OUT0102,Blinkit Siliguri - 3,Siliguri,Tier 3,Medium,Express Hub,2022
OUT0103,Blinkit Mumbai - 4,Mumbai,Tier 1,Small,Dark Store,2020
OUT0104,Blinkit Delhi - 4,Delhi,Tier 1,Medium,Dark Store,2020
OUT0105,Blinkit Bengaluru - 4,Bengaluru,Tier 1,Small,Express Hub,2022
OUT0106,Blinkit Hyderabad - 4,Hyderabad,Tier 1,Medium,Dark Store,2021
OUT0107,Blinkit Chennai - 4,Chennai,Tier 1,Small,Express Hub,2021
OUT0108,Blinkit Pune - 4,Pune,Tier 1,Large,Dark Store,2021
OUT0109,Blinkit Kolkata - 4,Kolkata,Tier 1,Small,Express Hub,2022
OUT0110,Blinkit Ahmedabad - 4,Ahmedabad,Tier 1,Medium,Dark Store,2021
OUT0111,Blinkit Noida - 4,Noida,Tier 1,Small,Warehouse Store,2019
OUT0112,Blinkit Gurugram - 4,Gurugram,Tier 1,Small,Warehouse Store,2021
OUT0113,Blinkit Jaipur - 4,Jaipur,Tier 2,Medium,Express Hub,2018
OUT0114,Blinkit Lucknow - 4,Lucknow,Tier 2,Medium,Dark Store,2024
OUT0115,Blinkit Coimbatore - 4,Coimbatore,Tier 2,Small,Warehouse Store,2024
OUT0116,Blinkit Indore - 4,Indore,Tier 2,Large,Dark Store,2023
OUT0117,Blinkit Nagpur - 4,Nagpur,Tier 2,Medium,Dark Store,2019
OUT0118,Blinkit Bhopal - 4,Bhopal,Tier 2,Large,Express Hub,2022
OUT0119,Blinkit Kochi - 4,Kochi,Tier 2,Medium,Dark Store,2021
OUT0120,Blinkit Chandigarh - 4,Chandigarh,Tier 2,Small,Express Hub,2020
OUT0121,Blinkit Surat - 4,Surat,Tier 2,Medium,Dark Store,2023
OUT0122,Blinkit Vadodara - 4,Vadodara,Tier 2,Large,Express Hub,2022
OUT0123,Blinkit Visakhapatnam - 4,Visakhapatnam,Tier 2,Large,Dark Store,2022
OUT0124,Blinkit Patna - 4,Patna,Tier 2,Large,Dark Store,2021
OUT0125,Blinkit Tiruppur - 4,Tiruppur,Tier 3,Small,Dark Store,2021
OUT0126,Blinkit Guwahati - 4,Guwahati,Tier 3,Medium,Dark Store,2022
OUT0127,Blinkit Ranchi - 4,Ranchi,Tier 3,Large,Dark Store,2020
OUT0128,Blinkit Mysuru - 4,Mysuru,Tier 3,Small,Dark Store,2024
OUT0129,Blinkit Nashik - 4,Nashik,Tier 3,Large,Dark Store,2022
OUT0130,Blinkit Raipur - 4,Raipur,Tier 3,Medium,Dark Store,2024
OUT0131,Blinkit Dehradun - 4,Dehradun,Tier 3,Small,Dark Store,2022
OUT0132,Blinkit Jodhpur - 4,Jodhpur,Tier 3,Small,Express Hub,2020
OUT0133,Blinkit Madurai - 4,Madurai,Tier 3,Small,Dark Store,2022
OUT0134,Blinkit Amritsar - 4,Amritsar,Tier 3,Small,Express Hub,2020
OUT0135,Blinkit Varanasi - 4,Varanasi,Tier 3,Large,Dark Store,2020
OUT0136,Blinkit Siliguri - 4,Siliguri,Tier 3,Large,Dark Store,2019
OUT0137,Blinkit Mumbai - 5,Mumbai,Tier 1,Large,Warehouse Store,2021
OUT0138,Blinkit Delhi - 5,Delhi,Tier 1,Small,Dark Store,2023
OUT0139,Blinkit Bengaluru - 5,Bengaluru,Tier 1,Large,Dark Store,2024
OUT0140,Blinkit Hyderabad - 5,Hyderabad,Tier 1,Small,Dark Store,2021
OUT0141,Blinkit Chennai - 5,Chennai,Tier 1,Small,Dark Store,2022
OUT0142,Blinkit Pune - 5,Pune,Tier 1,Medium,Dark Store,2019
OUT0143,Blinkit Kolkata - 5,Kolkata,Tier 1,Small,Warehouse Store,2021
OUT0144,Blinkit Ahmedabad - 5,Ahmedabad,Tier 1,Medium,Dark Store,2019
OUT0145,Blinkit Noida - 5,Noida,Tier 1,Small,Dark Store,2019
OUT0146,Blinkit Gurugram - 5,Gurugram,Tier 1,Medium,Express Hub,2019
OUT0147,Blinkit Jaipur - 5,Jaipur,Tier 2,Medium,Dark Store,2019
OUT0148,Blinkit Lucknow - 5,Lucknow,Tier 2,Medium,Dark Store,2020
OUT0149,Blinkit Coimbatore - 5,Coimbatore,Tier 2,Medium,Warehouse Store,2020
OUT0150,Blinkit Indore - 5,Indore,Tier 2,Large,Dark Store,2024
OUT0151,Blinkit Nagpur - 5,Nagpur,Tier 2,Small,Dark Store,2019
OUT0152,Blinkit Bhopal - 5,Bhopal,Tier 2,Small,Dark Store,2018
OUT0153,Blinkit Kochi - 5,Kochi,Tier 2,Small,Express Hub,2021
OUT0154,Blinkit Chandigarh - 5,Chandigarh,Tier 2,Large,Dark Store,2021
OUT0155,Blinkit Surat - 5,Surat,Tier 2,Small,Dark Store,2022
OUT0156,Blinkit Vadodara - 5,Vadodara,Tier 2,Small,Express Hub,2020
OUT0157,Blinkit Visakhapatnam - 5,Visakhapatnam,Tier 2,Small,Warehouse Store,2020
OUT0158,Blinkit Patna - 5,Patna,Tier 2,Medium,Dark Store,2018
OUT0159,Blinkit Tiruppur - 5,Tiruppur,Tier 3,Medium,Dark Store,2020
OUT0160,Blinkit Guwahati - 5,Guwahati,Tier 3,Small,Dark Store,2023
OUT0161,Blinkit Ranchi - 5,Ranchi,Tier 3,Large,Express Hub,2021
OUT0162,Blinkit Mysuru - 5,Mysuru,Tier 3,Medium,Express Hub,2024
OUT0163,Blinkit Nashik - 5,Nashik,Tier 3,Large,Dark Store,2022
OUT0164,Blinkit Raipur - 5,Raipur,Tier 3,Medium,Dark Store,2021
OUT0165,Blinkit Dehradun - 5,Dehradun,Tier 3,Medium,Dark Store,2019
OUT0166,Blinkit Jodhpur - 5,Jodhpur,Tier 3,Medium,Express Hub,2023
OUT0167,Blinkit Madurai - 5,Madurai,Tier 3,Medium,Dark Store,2021
OUT0168,Blinkit Amritsar - 5,Amritsar,Tier 3,Medium,Dark Store,2024
OUT0169,Blinkit Varanasi - 5,Varanasi,Tier 3,Small,Dark Store,2020
OUT0170,Blinkit Siliguri - 5,Siliguri,Tier 3,Large,Express Hub,2023
OUT0171,Blinkit Mumbai - 6,Mumbai,Tier 1,Medium,Express Hub,2022
OUT0172,Blinkit Delhi - 6,Delhi,Tier 1,Small,Warehouse Store,2023
OUT0173,Blinkit Bengaluru - 6,Bengaluru,Tier 1,Large,Warehouse Store,2021
OUT0174,Blinkit Hyderabad - 6,Hyderabad,Tier 1,Small,Dark Store,2023
OUT0175,Blinkit Chennai - 6,Chennai,Tier 1,Medium,Dark Store,2019
OUT0176,Blinkit Pune - 6,Pune,Tier 1,Large,Dark Store,2022
OUT0177,Blinkit Kolkata - 6,Kolkata,Tier 1,Medium,Dark Store,2021
OUT0178,Blinkit Ahmedabad - 6,Ahmedabad,Tier 1,Small,Dark Store,2020
OUT0179,Blinkit Noida - 6,Noida,Tier 1,Medium,Dark Store,2022
OUT0180,Blinkit Gurugram - 6,Gurugram,Tier 1,Medium,Dark Store,2021
OUT0181,Blinkit Jaipur - 6,Jaipur,Tier 2,Small,Dark Store,2023
OUT0182,Blinkit Lucknow - 6,Lucknow,Tier 2,Medium,Express Hub,2024
OUT0183,Blinkit Coimbatore - 6,Coimbatore,Tier 2,Small,Dark Store,2019
OUT0184,Blinkit Indore - 6,Indore,Tier 2,Large,Dark Store,2023
OUT0185,Blinkit Nagpur - 6,Nagpur,Tier 2,Small,Dark Store,2020
OUT0186,Blinkit Bhopal - 6,Bhopal,Tier 2,Medium,Warehouse Store,2022
OUT0187,Blinkit Kochi - 6,Kochi,Tier 2,Medium,Dark Store,2021
OUT0188,Blinkit Chandigarh - 6,Chandigarh,Tier 2,Large,Dark Store,2021
OUT0189,Blinkit Surat - 6,Surat,Tier 2,Medium,Warehouse Store,2023
OUT0190,Blinkit Vadodara - 6,Vadodara,Tier 2,Small,Express Hub,2022
OUT0191,Blinkit Visakhapatnam - 6,Visakhapatnam,Tier 2,Medium,Express Hub,2023
OUT0192,Blinkit Patna - 6,Patna,Tier 2,Medium,Express Hub,2020
OUT0193,Blinkit Tiruppur - 6,Tiruppur,Tier 3,Medium,Warehouse Store,2021
OUT0194,Blinkit Guwahati - 6,Guwahati,Tier 3,Large,Dark Store,2023
OUT0195,Blinkit Ranchi - 6,Ranchi,Tier 3,Small,Dark Store,2024
OUT0196,Blinkit Mysuru - 6,Mysuru,Tier 3,Medium,Warehouse Store,2021
OUT0197,Blinkit Nashik - 6,Nashik,Tier 3,Medium,Dark Store,2023
OUT0198,Blinkit Raipur - 6,Raipur,Tier 3,Medium,Dark Store,2022
OUT0199,Blinkit Dehradun - 6,Dehradun,Tier 3,Large,Express Hub,2022
OUT0200,Blinkit Jodhpur - 6,Jodhpur,Tier 3,Medium,Dark Store,2023
OUT0201,Blinkit Madurai - 6,Madurai,Tier 3,Medium,Dark Store,2018
OUT0202,Blinkit Amritsar - 6,Amritsar,Tier 3,Small,Express Hub,2020
OUT0203,Blinkit Varanasi - 6,Varanasi,Tier 3,Medium,Dark Store,2021
OUT0204,Blinkit Siliguri - 6,Siliguri,Tier 3,Medium,Dark Store,2022
OUT0205,Blinkit Mumbai - 7,Mumbai,Tier 1,Small,Warehouse Store,2022
OUT0206,Blinkit Delhi - 7,Delhi,Tier 1,Medium,Dark Store,2019
OUT0207,Blinkit Bengaluru - 7,Bengaluru,Tier 1,Small,Express Hub,2022
OUT0208,Blinkit Hyderabad - 7,Hyderabad,Tier 1,Medium,Dark Store,2021
OUT0209,Blinkit Chennai - 7,Chennai,Tier 1,Medium,Dark Store,2018
OUT0210,Blinkit Pune - 7,Pune,Tier 1,Large,Express Hub,2021
OUT0211,Blinkit Kolkata - 7,Kolkata,Tier 1,Small,Express Hub,2024
OUT0212,Blinkit Ahmedabad - 7,Ahmedabad,Tier 1,Medium,Warehouse Store,2022
OUT0213,Blinkit Noida - 7,Noida,Tier 1,Large,Express Hub,2022
OUT0214,Blinkit Gurugram - 7,Gurugram,Tier 1,Medium,Dark Store,2019
OUT0215,Blinkit Jaipur - 7,Jaipur,Tier 2,Large,Dark Store,2024
OUT0216,Blinkit Lucknow - 7,Lucknow,Tier 2,Small,Dark Store,2019
OUT0217,Blinkit Coimbatore - 7,Coimbatore,Tier 2,Medium,Dark Store,2019
OUT0218,Blinkit Indore - 7,Indore,Tier 2,Small,Dark Store,2023
OUT0219,Blinkit Nagpur - 7,Nagpur,Tier 2,Large,Dark Store,2019
OUT0220,Blinkit Bhopal - 7,Bhopal,Tier 2,Small,Express Hub,2019
OUT0221,Blinkit Kochi - 7,Kochi,Tier 2,Medium,Express Hub,2019
OUT0222,Blinkit Chandigarh - 7,Chandigarh,Tier 2,Small,Dark Store,2023
OUT0223,Blinkit Surat - 7,Surat,Tier 2,Small,Express Hub,2021
OUT0224,Blinkit Vadodara - 7,Vadodara,Tier 2,Medium,Dark Store,2021
OUT0225,Blinkit Visakhapatnam - 7,Visakhapatnam,Tier 2,Small,Express Hub,2022
OUT0226,Blinkit Patna - 7,Patna,Tier 2,Large,Express Hub,2019
OUT0227,Blinkit Tiruppur - 7,Tiruppur,Tier 3,Small,Dark Store,2020
OUT0228,Blinkit Guwahati - 7,Guwahati,Tier 3,Small,Express Hub,2020
OUT0229,Blinkit Ranchi - 7,Ranchi,Tier 3,Small,Dark Store,2022
OUT0230,Blinkit Mysuru - 7,Mysuru,Tier 3,Large,Dark Store,2020
OUT0231,Blinkit Nashik - 7,Nashik,Tier 3,Medium,Dark Store,2023
OUT0232,Blinkit Raipur - 7,Raipur,Tier 3,Medium,Express Hub,2020
OUT0233,Blinkit Dehradun - 7,Dehradun,Tier 3,Medium,Express Hub,2022
OUT0234,Blinkit Jodhpur - 7,Jodhpur,Tier 3,Medium,Dark Store,2023
OUT0235,Blinkit Madurai - 7,Madurai,Tier 3,Small,Express Hub,2023
OUT0236,Blinkit Amritsar - 7,Amritsar,Tier 3,Small,Express Hub,2018
OUT0237,Blinkit Varanasi - 7,Varanasi,Tier 3,Small,Dark Store,2021
OUT0238,Blinkit Siliguri - 7,Siliguri,Tier 3,Large,Dark Store,2022
OUT0239,Blinkit Mumbai - 8,Mumbai,Tier 1,Medium,Warehouse Store,2018
OUT0240,Blinkit Delhi - 8,Delhi,Tier 1,Large,Express Hub,2020
OUT0241,Blinkit Bengaluru - 8,Bengaluru,Tier 1,Large,Express Hub,2021
OUT0242,Blinkit Hyderabad - 8,Hyderabad,Tier 1,Medium,Express Hub,2022
OUT0243,Blinkit Chennai - 8,Chennai,Tier 1,Medium,Warehouse Store,2023
OUT0244,Blinkit Pune - 8,Pune,Tier 1,Large,Express Hub,2021
OUT0245,Blinkit Kolkata - 8,Kolkata,Tier 1,Small,Dark Store,2020
OUT0246,Blinkit Ahmedabad - 8,Ahmedabad,Tier 1,Small,Express Hub,2023
OUT0247,Blinkit Noida - 8,Noida,Tier 1,Medium,Express Hub,2018
OUT0248,Blinkit Gurugram - 8,Gurugram,Tier 1,Large,Dark Store,2019
OUT0249,Blinkit Jaipur - 8,Jaipur,Tier 2,Small,Warehouse Store,2024
OUT0250,Blinkit Lucknow - 8,Lucknow,Tier 2,Small,Dark Store,2022
OUT0251,Blinkit Coimbatore - 8,Coimbatore,Tier 2,Medium,Express Hub,2019
OUT0252,Blinkit Indore - 8,Indore,Tier 2,Medium,Dark Store,2021
OUT0253,Blinkit Nagpur - 8,Nagpur,Tier 2,Medium,Dark Store,2022
OUT0254,Blinkit Bhopal - 8,Bhopal,Tier 2,Large,Dark Store,2023
OUT0255,Blinkit Kochi - 8,Kochi,Tier 2,Small,Dark Store,2018
OUT0256,Blinkit Chandigarh - 8,Chandigarh,Tier 2,Large,Express Hub,2021
OUT0257,Blinkit Surat - 8,Surat,Tier 2,Medium,Dark Store,2022
OUT0258,Blinkit Vadodara - 8,Vadodara,Tier 2,Small,Express Hub,2023
OUT0259,Blinkit Visakhapatnam - 8,Visakhapatnam,Tier 2,Medium,Express Hub,2024
OUT0260,Blinkit Patna - 8,Patna,Tier 2,Large,Dark Store,2021
OUT0261,Blinkit Tiruppur - 8,Tiruppur,Tier 3,Small,Dark Store,2022
OUT0262,Blinkit Guwahati - 8,Guwahati,Tier 3,Small,Express Hub,2022
OUT0263,Blinkit Ranchi - 8,Ranchi,Tier 3,Large,Dark Store,2023
OUT0264,Blinkit Mysuru - 8,Mysuru,Tier 3,Small,Dark Store,2024
OUT0265,Blinkit Nashik - 8,Nashik,Tier 3,Small,Dark Store,2023
OUT0266,Blinkit Raipur - 8,Raipur,Tier 3,Medium,Express Hub,2018
OUT0267,Blinkit Dehradun - 8,Dehradun,Tier 3,Small,Dark Store,2019
OUT0268,Blinkit Jodhpur - 8,Jodhpur,Tier 3,Medium,Warehouse Store,2020
OUT0269,Blinkit Madurai - 8,Madurai,Tier 3,Large,Dark Store,2023
OUT0270,Blinkit Amritsar - 8,Amritsar,Tier 3,Small,Dark Store,2023
OUT0271,Blinkit Varanasi - 8,Varanasi,Tier 3,Small,Express Hub,2022
OUT0272,Blinkit Siliguri - 8,Siliguri,Tier 3,Large,Dark Store,2022
OUT0273,Blinkit Mumbai - 9,Mumbai,Tier 1,Medium,Dark Store,2022
OUT0274,Blinkit Delhi - 9,Delhi,Tier 1,Medium,Warehouse Store,2022
OUT0275,Blinkit Bengaluru - 9,Bengaluru,Tier 1,Small,Dark Store,2023
OUT0276,Blinkit Hyderabad - 9,Hyderabad,Tier 1,Small,Dark Store,2022
OUT0277,Blinkit Chennai - 9,Chennai,Tier 1,Small,Dark Store,2021
OUT0278,Blinkit Pune - 9,Pune,Tier 1,Medium,Dark Store,2020
OUT0279,Blinkit Kolkata - 9,Kolkata,Tier 1,Small,Express Hub,2023
OUT0280,Blinkit Ahmedabad - 9,Ahmedabad,Tier 1,Medium,Dark Store,2018
OUT0281,Blinkit Noida - 9,Noida,Tier 1,Medium,Express Hub,2020
OUT0282,Blinkit Gurugram - 9,Gurugram,Tier 1,Small,Dark Store,2024
OUT0283,Blinkit Jaipur - 9,Jaipur,Tier 2,Medium,Dark Store,2023
OUT0284,Blinkit Lucknow - 9,Lucknow,Tier 2,Medium,Express Hub,2023
OUT0285,Blinkit Coimbatore - 9,Coimbatore,Tier 2,Medium,Dark Store,2021
OUT0286,Blinkit Indore - 9,Indore,Tier 2,Small,Express Hub,2023
OUT0287,Blinkit Nagpur - 9,Nagpur,Tier 2,Medium,Dark Store,2023
OUT0288,Blinkit Bhopal - 9,Bhopal,Tier 2,Medium,Dark Store,2020
OUT0289,Blinkit Kochi - 9,Kochi,Tier 2,Medium,Express Hub,2024
OUT0290,Blinkit Chandigarh - 9,Chandigarh,Tier 2,Medium,Dark Store,2020
OUT0291,Blinkit Surat - 9,Surat,Tier 2,Small,Dark Store,2023
OUT0292,Blinkit Vadodara - 9,Vadodara,Tier 2,Medium,Dark Store,2023
OUT0293,Blinkit Visakhapatnam - 9,Visakhapatnam,Tier 2,Medium,Dark Store,2018
OUT0294,Blinkit Patna - 9,Patna,Tier 2,Medium,Dark Store,2020
OUT0295,Blinkit Tiruppur - 9,Tiruppur,Tier 3,Medium,Dark Store,2022
OUT0296,Blinkit Guwahati - 9,Guwahati,Tier 3,Small,Dark Store,2019
OUT0297,Blinkit Ranchi - 9,Ranchi,Tier 3,Large,Express Hub,2021
OUT0298,Blinkit Mysuru - 9,Mysuru,Tier 3,Medium,Dark Store,2021
OUT0299,Blinkit Nashik - 9,Nashik,Tier 3,Small,Dark Store,2023
OUT0300,Blinkit Raipur - 9,Raipur,Tier 3,Small,Dark Store,2021
OUT0301,Blinkit Dehradun - 9,Dehradun,Tier 3,Large,Dark Store,2023
OUT0302,Blinkit Jodhpur - 9,Jodhpur,Tier 3,Medium,Dark Store,2021
OUT0303,Blinkit Madurai - 9,Madurai,Tier 3,Small,Express Hub,2022
OUT0304,Blinkit Amritsar - 9,Amritsar,Tier 3,Medium,Express Hub,2024
OUT0305,Blinkit Varanasi - 9,Varanasi,Tier 3,Small,Dark Store,2022
OUT0306,Blinkit Siliguri - 9,Siliguri,Tier 3,Small,Express Hub,2022
OUT0307,Blinkit Mumbai - 10,Mumbai,Tier 1,Medium,Dark Store,2021
OUT0308,Blinkit Delhi - 10,Delhi,Tier 1,Small,Dark Store,2024
OUT0309,Blinkit Bengaluru - 10,Bengaluru,Tier 1,Medium,Warehouse Store,2020
OUT0310,Blinkit Hyderabad - 10,Hyderabad,Tier 1,Large,Dark Store,2020
OUT0311,Blinkit Chennai - 10,Chennai,Tier 1,Small,Dark Store,2022
OUT0312,Blinkit Pune - 10,Pune,Tier 1,Medium,Dark Store,2022
OUT0313,Blinkit Kolkata - 10,Kolkata,Tier 1,Large,Dark Store,2023
OUT0314,Blinkit Ahmedabad - 10,Ahmedabad,Tier 1,Medium,Dark Store,2022
OUT0315,Blinkit Noida - 10,Noida,Tier 1,Small,Express Hub,2023
OUT0316,Blinkit Gurugram - 10,Gurugram,Tier 1,Small,Dark Store,2019
OUT0317,Blinkit Jaipur - 10,Jaipur,Tier 2,Large,Warehouse Store,2022
OUT0318,Blinkit Lucknow - 10,Lucknow,Tier 2,Small,Dark Store,2019
OUT0319,Blinkit Coimbatore - 10,Coimbatore,Tier 2,Medium,Express Hub,2021
OUT0320,Blinkit Indore - 10,Indore,Tier 2,Small,Dark Store,2023
OUT0321,Blinkit Nagpur - 10,Nagpur,Tier 2,Medium,Dark Store,2022
OUT0322,Blinkit Bhopal - 10,Bhopal,Tier 2,Medium,Dark Store,2021
OUT0323,Blinkit Kochi - 10,Kochi,Tier 2,Small,Dark Store,2023
OUT0324,Blinkit Chandigarh - 10,Chandigarh,Tier 2,Large,Dark Store,2022
OUT0325,Blinkit Surat - 10,Surat,Tier 2,Small,Dark Store,2019
OUT0326,Blinkit Vadodara - 10,Vadodara,Tier 2,Medium,Dark Store,2021
OUT0327,Blinkit Visakhapatnam - 10,Visakhapatnam,Tier 2,Medium,Express Hub,2019
OUT0328,Blinkit Patna - 10,Patna,Tier 2,Medium,Dark Store,2023
OUT0329,Blinkit Tiruppur - 10,Tiruppur,Tier 3,Medium,Dark Store,2023
OUT0330,Blinkit Guwahati - 10,Guwahati,Tier 3,Medium,Dark Store,2022
OUT0331,Blinkit Ranchi - 10,Ranchi,Tier 3,Medium,Dark Store,2022
OUT0332,Blinkit Mysuru - 10,Mysuru,Tier 3,Medium,Express Hub,2019
OUT0333,Blinkit Nashik - 10,Nashik,Tier 3,Medium,Dark Store,2019
OUT0334,Blinkit Raipur - 10,Raipur,Tier 3,Large,Dark Store,2018
OUT0335,Blinkit Dehradun - 10,Dehradun,Tier 3,Small,Warehouse Store,2021
OUT0336,Blinkit Jodhpur - 10,Jodhpur,Tier 3,Medium,Dark Store,2020
OUT0337,Blinkit Madurai - 10,Madurai,Tier 3,Medium,Dark Store,2019
OUT0338,Blinkit Amritsar - 10,Amritsar,Tier 3,Small,Express Hub,2022
OUT0339,Blinkit Varanasi - 10,Varanasi,Tier 3,Medium,Dark Store,2023
OUT0340,Blinkit Siliguri - 10,Siliguri,Tier 3,Large,Dark Store,2023
OUT0341,Blinkit Mumbai - 11,Mumbai,Tier 1,Large,Dark Store,2020
OUT0342,Blinkit Delhi - 11,Delhi,Tier 1,Medium,Dark Store,2022
OUT0343,Blinkit Bengaluru - 11,Bengaluru,Tier 1,Medium,Dark Store,2022
OUT0344,Blinkit Hyderabad - 11,Hyderabad,Tier 1,Small,Dark Store,2023
OUT0345,Blinkit Chennai - 11,Chennai,Tier 1,Small,Express Hub,2023
OUT0346,Blinkit Pune - 11,Pune,Tier 1,Medium,Dark Store,2019
OUT0347,Blinkit Kolkata - 11,Kolkata,Tier 1,Medium,Express Hub,2022
OUT0348,Blinkit Ahmedabad - 11,Ahmedabad,Tier 1,Medium,Express Hub,2024
OUT0349,Blinkit Noida - 11,Noida,Tier 1,Large,Express Hub,2022
OUT0350,Blinkit Gurugram - 11,Gurugram,Tier 1,Small,Dark Store,2023
OUT0351,Blinkit Jaipur - 11,Jaipur,Tier 2,Small,Dark Store,2023
OUT0352,Blinkit Lucknow - 11,Lucknow,Tier 2,Medium,Dark Store,2024
OUT0353,Blinkit Coimbatore - 11,Coimbatore,Tier 2,Medium,Express Hub,2021
OUT0354,Blinkit Indore - 11,Indore,Tier 2,Large,Express Hub,2024
OUT0355,Blinkit Nagpur - 11,Nagpur,Tier 2,Small,Express Hub,2022
OUT0356,Blinkit Bhopal - 11,Bhopal,Tier 2,Small,Warehouse Store,2020
OUT0357,Blinkit Kochi - 11,Kochi,Tier 2,Small,Express Hub,2023
OUT0358,Blinkit Chandigarh - 11,Chandigarh,Tier 2,Small,Dark Store,2021
OUT0359,Blinkit Surat - 11,Surat,Tier 2,Medium,Dark Store,2019
OUT0360,Blinkit Vadodara - 11,Vadodara,Tier 2,Small,Warehouse Store,2022
OUT0361,Blinkit Visakhapatnam - 11,Visakhapatnam,Tier 2,Large,Dark Store,2022
OUT0362,Blinkit Patna - 11,Patna,Tier 2,Large,Dark Store,2022
OUT0363,Blinkit Tiruppur - 11,Tiruppur,Tier 3,Small,Dark Store,2020
OUT0364,Blinkit Guwahati - 11,Guwahati,Tier 3,Small,Dark Store,2021
OUT0365,Blinkit Ranchi - 11,Ranchi,Tier 3,Small,Dark Store,2022
OUT0366,Blinkit Mysuru - 11,Mysuru,Tier 3,Small,Dark Store,2022
OUT0367,Blinkit Nashik - 11,Nashik,Tier 3,Small,Dark Store,2020
OUT0368,Blinkit Raipur - 11,Raipur,Tier 3,Small,Warehouse Store,2018
OUT0369,Blinkit Dehradun - 11,Dehradun,Tier 3,Small,Dark Store,2024
OUT0370,Blinkit Jodhpur - 11,Jodhpur,Tier 3,Large,Express Hub,2021
OUT0371,Blinkit Madurai - 11,Madurai,Tier 3,Small,Dark Store,2019
OUT0372,Blinkit Amritsar - 11,Amritsar,Tier 3,Large,Dark Store,2023
OUT0373,Blinkit Varanasi - 11,Varanasi,Tier 3,Small,Express Hub,2022
OUT0374,Blinkit Siliguri - 11,Siliguri,Tier 3,Medium,Dark Store,2024
OUT0375,Blinkit Mumbai - 12,Mumbai,Tier 1,Medium,Express Hub,2022
OUT0376,Blinkit Delhi - 12,Delhi,Tier 1,Large,Dark Store,2021
OUT0377,Blinkit Bengaluru - 12,Bengaluru,Tier 1,Small,Dark Store,2020
OUT0378,Blinkit Hyderabad - 12,Hyderabad,Tier 1,Medium,Dark Store,2021
OUT0379,Blinkit Chennai - 12,Chennai,Tier 1,Small,Dark Store,2019
OUT0380,Blinkit Pune - 12,Pune,Tier 1,Large,Dark Store,2023
OUT0381,Blinkit Kolkata - 12,Kolkata,Tier 1,Medium,Warehouse Store,2023
OUT0382,Blinkit Ahmedabad - 12,Ahmedabad,Tier 1,Small,Dark Store,2021
OUT0383,Blinkit Noida - 12,Noida,Tier 1,Medium,Dark Store,2023
OUT0384,Blinkit Gurugram - 12,Gurugram,Tier 1,Medium,Express Hub,2020
OUT0385,Blinkit Jaipur - 12,Jaipur,Tier 2,Medium,Dark Store,2021
OUT0386,Blinkit Lucknow - 12,Lucknow,Tier 2,Medium,Express Hub,2021
OUT0387,Blinkit Coimbatore - 12,Coimbatore,Tier 2,Medium,Dark Store,2024
OUT0388,Blinkit Indore - 12,Indore,Tier 2,Small,Dark Store,2021
OUT0389,Blinkit Nagpur - 12,Nagpur,Tier 2,Medium,Dark Store,2019
OUT0390,Blinkit Bhopal - 12,Bhopal,Tier 2,Medium,Dark Store,2021
OUT0391,Blinkit Kochi - 12,Kochi,Tier 2,Large,Dark Store,2022
OUT0392,Blinkit Chandigarh - 12,Chandigarh,Tier 2,Small,Dark Store,2020
OUT0393,Blinkit Surat - 12,Surat,Tier 2,Small,Dark Store,2022
OUT0394,Blinkit Vadodara - 12,Vadodara,Tier 2,Small,Express Hub,2022
OUT0395,Blinkit Visakhapatnam - 12,Visakhapatnam,Tier 2,Small,Express Hub,2019
OUT0396,Blinkit Patna - 12,Patna,Tier 2,Medium,Dark Store,2020
OUT0397,Blinkit Tiruppur - 12,Tiruppur,Tier 3,Large,Dark Store,2021
OUT0398,Blinkit Guwahati - 12,Guwahati,Tier 3,Large,Express Hub,2020
OUT0399,Blinkit Ranchi - 12,Ranchi,Tier 3,Small,Dark Store,2022
OUT0400,Blinkit Mysuru - 12,Mysuru,Tier 3,Small,Dark Store,2022
OUT0401,Blinkit Nashik - 12,Nashik,Tier 3,Small,Dark Store,2023
OUT0402,Blinkit Raipur - 12,Raipur,Tier 3,Medium,Express Hub,2018
OUT0403,Blinkit Dehradun - 12,Dehradun,Tier 3,Small,Dark Store,2023
OUT0404,Blinkit Jodhpur - 12,Jodhpur,Tier 3,Medium,Dark Store,2022
OUT0405,Blinkit Madurai - 12,Madurai,Tier 3,Medium,Dark Store,2024
OUT0406,Blinkit Amritsar - 12,Amritsar,Tier 3,Small,Warehouse Store,2024
OUT0407,Blinkit Varanasi - 12,Varanasi,Tier 3,Medium,Warehouse Store,2022
OUT0408,Blinkit Siliguri - 12,Siliguri,Tier 3,Medium,Dark Store,2022
OUT0409,Blinkit Mumbai - 13,Mumbai,Tier 1,Medium,Dark Store,2022
OUT0410,Blinkit Delhi - 13,Delhi,Tier 1,Medium,Dark Store,2023
OUT0411,Blinkit Bengaluru - 13,Bengaluru,Tier 1,Medium,Dark Store,2018
OUT0412,Blinkit Hyderabad - 13,Hyderabad,Tier 1,Medium,Dark Store,2019
OUT0413,Blinkit Chennai - 13,Chennai,Tier 1,Medium,Dark Store,2020
OUT0414,Blinkit Pune - 13,Pune,Tier 1,Large,Dark Store,2024
OUT0415,Blinkit Kolkata - 13,Kolkata,Tier 1,Large,Dark Store,2024
OUT0416,Blinkit Ahmedabad - 13,Ahmedabad,Tier 1,Small,Express Hub,2023
OUT0417,Blinkit Noida - 13,Noida,Tier 1,Small,Dark Store,2022
OUT0418,Blinkit Gurugram - 13,Gurugram,Tier 1,Small,Dark Store,2024
OUT0419,Blinkit Jaipur - 13,Jaipur,Tier 2,Medium,Express Hub,2020
OUT0420,Blinkit Lucknow - 13,Lucknow,Tier 2,Medium,Dark Store,2023
OUT0421,Blinkit Coimbatore - 13,Coimbatore,Tier 2,Medium,Express Hub,2018
OUT0422,Blinkit Indore - 13,Indore,Tier 2,Medium,Dark Store,2023
OUT0423,Blinkit Nagpur - 13,Nagpur,Tier 2,Medium,Dark Store,2021
OUT0424,Blinkit Bhopal - 13,Bhopal,Tier 2,Medium,Warehouse Store,2022
OUT0425,Blinkit Kochi - 13,Kochi,Tier 2,Small,Dark Store,2021
OUT0426,Blinkit Chandigarh - 13,Chandigarh,Tier 2,Medium,Dark Store,2022
OUT0427,Blinkit Surat - 13,Surat,Tier 2,Small,Express Hub,2023
OUT0428,Blinkit Vadodara - 13,Vadodara,Tier 2,Medium,Dark Store,2023
OUT0429,Blinkit Visakhapatnam - 13,Visakhapatnam,Tier 2,Medium,Express Hub,2020
OUT0430,Blinkit Patna - 13,Patna,Tier 2,Medium,Dark Store,2024
OUT0431,Blinkit Tiruppur - 13,Tiruppur,Tier 3,Medium,Dark Store,2022
OUT0432,Blinkit Guwahati - 13,Guwahati,Tier 3,Small,Dark Store,2023
OUT0433,Blinkit Ranchi - 13,Ranchi,Tier 3,Small,Express Hub,2019
OUT0434,Blinkit Mysuru - 13,Mysuru,Tier 3,Small,Dark Store,2021
OUT0435,Blinkit Nashik - 13,Nashik,Tier 3,Small,Dark Store,2021
OUT0436,Blinkit Raipur - 13,Raipur,Tier 3,Small,Express Hub,2022
OUT0437,Blinkit Dehradun - 13,Dehradun,Tier 3,Medium,Express Hub,2020
OUT0438,Blinkit Jodhpur - 13,Jodhpur,Tier 3,Small,Warehouse Store,2019
OUT0439,Blinkit Madurai - 13,Madurai,Tier 3,Medium,Dark Store,2021
OUT0440,Blinkit Amritsar - 13,Amritsar,Tier 3,Medium,Express Hub,2020
OUT0441,Blinkit Varanasi - 13,Varanasi,Tier 3,Medium,Express Hub,2020
OUT0442,Blinkit Siliguri - 13,Siliguri,Tier 3,Small,Dark Store,2019
OUT0443,Blinkit Mumbai - 14,Mumbai,Tier 1,Medium,Dark Store,2021
OUT0444,Blinkit Delhi - 14,Delhi,Tier 1,Medium,Dark Store,2020
OUT0445,Blinkit Bengaluru - 14,Bengaluru,Tier 1,Medium,Dark Store,2022
OUT0446,Blinkit Hyderabad - 14,Hyderabad,Tier 1,Medium,Dark Store,2022
OUT0447,Blinkit Chennai - 14,Chennai,Tier 1,Medium,Express Hub,2019
OUT0448,Blinkit Pune - 14,Pune,Tier 1,Large,Express Hub,2021
OUT0449,Blinkit Kolkata - 14,Kolkata,Tier 1,Medium,Dark Store,2019
OUT0450,Blinkit Ahmedabad - 14,Ahmedabad,Tier 1,Small,Dark Store,2024
OUT0451,Blinkit Noida - 14,Noida,Tier 1,Small,Express Hub,2021
OUT0452,Blinkit Gurugram - 14,Gurugram,Tier 1,Small,Dark Store,2022
OUT0453,Blinkit Jaipur - 14,Jaipur,Tier 2,Medium,Dark Store,2023
OUT0454,Blinkit Lucknow - 14,Lucknow,Tier 2,Small,Express Hub,2021
OUT0455,Blinkit Coimbatore - 14,Coimbatore,Tier 2,Medium,Express Hub,2023
OUT0456,Blinkit Indore - 14,Indore,Tier 2,Medium,Dark Store,2019
OUT0457,Blinkit Nagpur - 14,Nagpur,Tier 2,Medium,Dark Store,2019
OUT0458,Blinkit Bhopal - 14,Bhopal,Tier 2,Small,Express Hub,2024
OUT0459,Blinkit Kochi - 14,Kochi,Tier 2,Medium,Warehouse Store,2023
OUT0460,Blinkit Chandigarh - 14,Chandigarh,Tier 2,Medium,Dark Store,2021
OUT0461,Blinkit Surat - 14,Surat,Tier 2,Large,Dark Store,2020
OUT0462,Blinkit Vadodara - 14,Vadodara,Tier 2,Small,Dark Store,2021
OUT0463,Blinkit Visakhapatnam - 14,Visakhapatnam,Tier 2,Small,Express Hub,2023
OUT0464,Blinkit Patna - 14,Patna,Tier 2,Medium,Dark Store,2022
OUT0465,Blinkit Tiruppur - 14,Tiruppur,Tier 3,Small,Dark Store,2022
OUT0466,Blinkit Guwahati - 14,Guwahati,Tier 3,Medium,Dark Store,2023
OUT0467,Blinkit Ranchi - 14,Ranchi,Tier 3,Small,Dark Store,2023
OUT0468,Blinkit Mysuru - 14,Mysuru,Tier 3,Medium,Express Hub,2024
OUT0469,Blinkit Nashik - 14,Nashik,Tier 3,Medium,Express Hub,2022
OUT0470,Blinkit Raipur - 14,Raipur,Tier 3,Small,Express Hub,2022
OUT0471,Blinkit Dehradun - 14,Dehradun,Tier 3,Large,Dark Store,2020
OUT0472,Blinkit Jodhpur - 14,Jodhpur,Tier 3,Large,Dark Store,2020
OUT0473,Blinkit Madurai - 14,Madurai,Tier 3,Medium,Dark Store,2021
OUT0474,Blinkit Amritsar - 14,Amritsar,Tier 3,Medium,Dark Store,2020
OUT0475,Blinkit Varanasi - 14,Varanasi,Tier 3,Small,Dark Store,2020
OUT0476,Blinkit Siliguri - 14,Siliguri,Tier 3,Small,Express Hub,2021
OUT0477,Blinkit Mumbai - 15,Mumbai,Tier 1,Small,Dark Store,2022
OUT0478,Blinkit Delhi - 15,Delhi,Tier 1,Medium,Dark Store,2023
OUT0479,Blinkit Bengaluru - 15,Bengaluru,Tier 1,Small,Express Hub,2021
OUT0480,Blinkit Hyderabad - 15,Hyderabad,Tier 1,Large,Dark Store,2024
OUT0481,Blinkit Chennai - 15,Chennai,Tier 1,Small,Dark Store,2021
OUT0482,Blinkit Pune - 15,Pune,Tier 1,Medium,Dark Store,2021
OUT0483,Blinkit Kolkata - 15,Kolkata,Tier 1,Small,Dark Store,2024
OUT0484,Blinkit Ahmedabad - 15,Ahmedabad,Tier 1,Medium,Dark Store,2023
OUT0485,Blinkit Noida - 15,Noida,Tier 1,Small,Dark Store,2022
OUT0486,Blinkit Gurugram - 15,Gurugram,Tier 1,Medium,Express Hub,2021
OUT0487,Blinkit Jaipur - 15,Jaipur,Tier 2,Medium,Express Hub,2020
OUT0488,Blinkit Lucknow - 15,Lucknow,Tier 2,Small,Dark Store,2020
OUT0489,Blinkit Coimbatore - 15,Coimbatore,Tier 2,Medium,Express Hub,2023
OUT0490,Blinkit Indore - 15,Indore,Tier 2,Small,Dark Store,2021
OUT0491,Blinkit Nagpur - 15,Nagpur,Tier 2,Medium,Dark Store,2020
OUT0492,Blinkit Bhopal - 15,Bhopal,Tier 2,Medium,Dark Store,2021
OUT0493,Blinkit Kochi - 15,Kochi,Tier 2,Medium,Warehouse Store,2022
OUT0494,Blinkit Chandigarh - 15,Chandigarh,Tier 2,Large,Express Hub,2023
OUT0495,Blinkit Surat - 15,Surat,Tier 2,Medium,Dark Store,2022
OUT0496,Blinkit Vadodara - 15,Vadodara,Tier 2,Medium,Dark Store,2021
OUT0497,Blinkit Visakhapatnam - 15,Visakhapatnam,Tier 2,Large,Dark Store,2018
OUT0498,Blinkit Patna - 15,Patna,Tier 2,Medium,Dark Store,2022
OUT0499,Blinkit Tiruppur - 15,Tiruppur,Tier 3,Small,Express Hub,2023
OUT0500,Blinkit Guwahati - 15,Guwahati,Tier 3,Small,Dark Store,2023
OUT0501,Blinkit Ranchi - 15,Ranchi,Tier 3,Medium,Dark Store,2021
OUT0502,Blinkit Mysuru - 15,Mysuru,Tier 3,Small,Express Hub,2024
OUT0503,Blinkit Nashik - 15,Nashik,Tier 3,Large,Dark Store,2020
OUT0504,Blinkit Raipur - 15,Raipur,Tier 3,Medium,Dark Store,2021
OUT0505,Blinkit Dehradun - 15,Dehradun,Tier 3,Small,Dark Store,2023
OUT0506,Blinkit Jodhpur - 15,Jodhpur,Tier 3,Medium,Dark Store,2022
OUT0507,Blinkit Madurai - 15,Madurai,Tier 3,Small,Dark Store,2020
OUT0508,Blinkit Amritsar - 15,Amritsar,Tier 3,Large,Dark Store,2019
OUT0509,Blinkit Varanasi - 15,Varanasi,Tier 3,Medium,Dark Store,2022
OUT0510,Blinkit Siliguri - 15,Siliguri,Tier 3,Small,Dark Store,2022
OUT0511,Blinkit Mumbai - 16,Mumbai,Tier 1,Medium,Warehouse Store,2021
OUT0512,Blinkit Delhi - 16,Delhi,Tier 1,Medium,Dark Store,2020
OUT0513,Blinkit Bengaluru - 16,Bengaluru,Tier 1,Medium,Dark Store,2021
OUT0514,Blinkit Hyderabad - 16,Hyderabad,Tier 1,Medium,Dark Store,2022
OUT0515,Blinkit Chennai - 16,Chennai,Tier 1,Medium,Express Hub,2024
OUT0516,Blinkit Pune - 16,Pune,Tier 1,Large,Dark Store,2021
OUT0517,Blinkit Kolkata - 16,Kolkata,Tier 1,Medium,Dark Store,2021
OUT0518,Blinkit Ahmedabad - 16,Ahmedabad,Tier 1,Large,Dark Store,2021
OUT0519,Blinkit Noida - 16,Noida,Tier 1,Medium,Express Hub,2022
OUT0520,Blinkit Gurugram - 16,Gurugram,Tier 1,Medium,Dark Store,2023
OUT0521,Blinkit Jaipur - 16,Jaipur,Tier 2,Medium,Express Hub,2018
OUT0522,Blinkit Lucknow - 16,Lucknow,Tier 2,Small,Dark Store,2021
OUT0523,Blinkit Coimbatore - 16,Coimbatore,Tier 2,Large,Dark Store,2022
OUT0524,Blinkit Indore - 16,Indore,Tier 2,Medium,Warehouse Store,2022
OUT0525,Blinkit Nagpur - 16,Nagpur,Tier 2,Large,Express Hub,2019
OUT0526,Blinkit Bhopal - 16,Bhopal,Tier 2,Small,Dark Store,2023
OUT0527,Blinkit Kochi - 16,Kochi,Tier 2,Small,Dark Store,2022
OUT0528,Blinkit Chandigarh - 16,Chandigarh,Tier 2,Medium,Dark Store,2022
OUT0529,Blinkit Surat - 16,Surat,Tier 2,Small,Warehouse Store,2021
OUT0530,Blinkit Vadodara - 16,Vadodara,Tier 2,Small,Dark Store,2024
OUT0531,Blinkit Visakhapatnam - 16,Visakhapatnam,Tier 2,Medium,Express Hub,2020
OUT0532,Blinkit Patna - 16,Patna,Tier 2,Small,Dark Store,2022
OUT0533,Blinkit Tiruppur - 16,Tiruppur,Tier 3,Large,Express Hub,2020
OUT0534,Blinkit Guwahati - 16,Guwahati,Tier 3,Small,Warehouse Store,2022
OUT0535,Blinkit Ranchi - 16,Ranchi,Tier 3,Large,Express Hub,2021
OUT0536,Blinkit Mysuru - 16,Mysuru,Tier 3,Large,Dark Store,2022
OUT0537,Blinkit Nashik - 16,Nashik,Tier 3,Small,Dark Store,2022
OUT0538,Blinkit Raipur - 16,Raipur,Tier 3,Small,Dark Store,2020
OUT0539,Blinkit Dehradun - 16,Dehradun,Tier 3,Medium,Dark Store,2021
OUT0540,Blinkit Jodhpur - 16,Jodhpur,Tier 3,Large,Warehouse Store,2021
OUT0541,Blinkit Madurai - 16,Madurai,Tier 3,Medium,Express Hub,2019
OUT0542,Blinkit Amritsar - 16,Amritsar,Tier 3,Medium,Express Hub,2023
OUT0543,Blinkit Varanasi - 16,Varanasi,Tier 3,Small,Express Hub,2019
OUT0544,Blinkit Siliguri - 16,Siliguri,Tier 3,Large,Dark Store,2022
OUT0545,Blinkit Mumbai - 17,Mumbai,Tier 1,Small,Dark Store,2020
OUT0546,Blinkit Delhi - 17,Delhi,Tier 1,Medium,Dark Store,2018
OUT0547,Blinkit Bengaluru - 17,Bengaluru,Tier 1,Medium,Dark Store,2022
OUT0548,Blinkit Hyderabad - 17,Hyderabad,Tier 1,Small,Express Hub,2022
OUT0549,Blinkit Chennai - 17,Chennai,Tier 1,Medium,Express Hub,2018
OUT0550,Blinkit Pune - 17,Pune,Tier 1,Medium,Express Hub,2022
OUT0551,Blinkit Kolkata - 17,Kolkata,Tier 1,Medium,Express Hub,2019
OUT0552,Blinkit Ahmedabad - 17,Ahmedabad,Tier 1,Medium,Dark Store,2024
OUT0553,Blinkit Noida - 17,Noida,Tier 1,Medium,Dark Store,2023
OUT0554,Blinkit Gurugram - 17,Gurugram,Tier 1,Small,Dark Store,2020
OUT0555,Blinkit Jaipur - 17,Jaipur,Tier 2,Small,Dark Store,2020
OUT0556,Blinkit Lucknow - 17,Lucknow,Tier 2,Small,Dark Store,2024
OUT0557,Blinkit Coimbatore - 17,Coimbatore,Tier 2,Small,Warehouse Store,2021
OUT0558,Blinkit Indore - 17,Indore,Tier 2,Medium,Dark Store,2024
OUT0559,Blinkit Nagpur - 17,Nagpur,Tier 2,Small,Dark Store,2021
OUT0560,Blinkit Bhopal - 17,Bhopal,Tier 2,Small,Dark Store,2019
OUT0561,Blinkit Kochi - 17,Kochi,Tier 2,Small,Dark Store,2019
OUT0562,Blinkit Chandigarh - 17,Chandigarh,Tier 2,Small,Dark Store,2021
OUT0563,Blinkit Surat - 17,Surat,Tier 2,Small,Express Hub,2020
OUT0564,Blinkit Vadodara - 17,Vadodara,Tier 2,Medium,Dark Store,2024
OUT0565,Blinkit Visakhapatnam - 17,Visakhapatnam,Tier 2,Medium,Dark Store,2023
OUT0566,Blinkit Patna - 17,Patna,Tier 2,Medium,Dark Store,2019
OUT0567,Blinkit Tiruppur - 17,Tiruppur,Tier 3,Small,Dark Store,2019
OUT0568,Blinkit Guwahati - 17,Guwahati,Tier 3,Medium,Express Hub,2020
OUT0569,Blinkit Ranchi - 17,Ranchi,Tier 3,Small,Dark Store,2022
OUT0570,Blinkit Mysuru - 17,Mysuru,Tier 3,Medium,Dark Store,2023
OUT0571,Blinkit Nashik - 17,Nashik,Tier 3,Large,Express Hub,2020
OUT0572,Blinkit Raipur - 17,Raipur,Tier 3,Medium,Dark Store,2023
OUT0573,Blinkit Dehradun - 17,Dehradun,Tier 3,Small,Express Hub,2021
OUT0574,Blinkit Jodhpur - 17,Jodhpur,Tier 3,Small,Express Hub,2022
OUT0575,Blinkit Madurai - 17,Madurai,Tier 3,Small,Dark Store,2021
OUT0576,Blinkit Amritsar - 17,Amritsar,Tier 3,Large,Dark Store,2023
OUT0577,Blinkit Varanasi - 17,Varanasi,Tier 3,Large,Express Hub,2024
OUT0578,Blinkit Siliguri - 17,Siliguri,Tier 3,Medium,Express Hub,2023
OUT0579,Blinkit Mumbai - 18,Mumbai,Tier 1,Medium,Dark Store,2022
OUT0580,Blinkit Delhi - 18,Delhi,Tier 1,Large,Dark Store,2023
OUT0581,Blinkit Bengaluru - 18,Bengaluru,Tier 1,Medium,Dark Store,2024
OUT0582,Blinkit Hyderabad - 18,Hyderabad,Tier 1,Medium,Dark Store,2019
OUT0583,Blinkit Chennai - 18,Chennai,Tier 1,Medium,Dark Store,2021
OUT0584,Blinkit Pune - 18,Pune,Tier 1,Large,Express Hub,2021
OUT0585,Blinkit Kolkata - 18,Kolkata,Tier 1,Medium,Warehouse Store,2023
OUT0586,Blinkit Ahmedabad - 18,Ahmedabad,Tier 1,Small,Dark Store,2020
OUT0587,Blinkit Noida - 18,Noida,Tier 1,Medium,Express Hub,2022
OUT0588,Blinkit Gurugram - 18,Gurugram,Tier 1,Small,Express Hub,2021
OUT0589,Blinkit Jaipur - 18,Jaipur,Tier 2,Small,Dark Store,2024
OUT0590,Blinkit Lucknow - 18,Lucknow,Tier 2,Medium,Dark Store,2021
OUT0591,Blinkit Coimbatore - 18,Coimbatore,Tier 2,Medium,Dark Store,2021
OUT0592,Blinkit Indore - 18,Indore,Tier 2,Small,Warehouse Store,2021
OUT0593,Blinkit Nagpur - 18,Nagpur,Tier 2,Small,Dark Store,2021
OUT0594,Blinkit Bhopal - 18,Bhopal,Tier 2,Large,Dark Store,2022
OUT0595,Blinkit Kochi - 18,Kochi,Tier 2,Small,Express Hub,2019
OUT0596,Blinkit Chandigarh - 18,Chandigarh,Tier 2,Medium,Dark Store,2024
OUT0597,Blinkit Surat - 18,Surat,Tier 2,Medium,Dark Store,2023
OUT0598,Blinkit Vadodara - 18,Vadodara,Tier 2,Medium,Express Hub,2020
OUT0599,Blinkit Visakhapatnam - 18,Visakhapatnam,Tier 2,Medium,Express Hub,2022
OUT0600,Blinkit Patna - 18,Patna,Tier 2,Small,Dark Store,2020
OUT0601,Blinkit Tiruppur - 18,Tiruppur,Tier 3,Medium,Dark Store,2023
OUT0602,Blinkit Guwahati - 18,Guwahati,Tier 3,Medium,Express Hub,2019
OUT0603,Blinkit Ranchi - 18,Ranchi,Tier 3,Small,Warehouse Store,2022
OUT0604,Blinkit Mysuru - 18,Mysuru,Tier 3,Medium,Express Hub,2023
OUT0605,Blinkit Nashik - 18,Nashik,Tier 3,Large,Dark Store,2024
OUT0606,Blinkit Raipur - 18,Raipur,Tier 3,Medium,Express Hub,2021
OUT0607,Blinkit Dehradun - 18,Dehradun,Tier 3,Small,Dark Store,2022
OUT0608,Blinkit Jodhpur - 18,Jodhpur,Tier 3,Large,Warehouse Store,2024
OUT0609,Blinkit Madurai - 18,Madurai,Tier 3,Medium,Express Hub,2021
OUT0610,Blinkit Amritsar - 18,Amritsar,Tier 3,Small,Warehouse Store,2021
OUT0611,Blinkit Varanasi - 18,Varanasi,Tier 3,Medium,Express Hub,2018
OUT0612,Blinkit Siliguri - 18,Siliguri,Tier 3,Small,Express Hub,2022
OUT0613,Blinkit Mumbai - 19,Mumbai,Tier 1,Large,Dark Store,2020
OUT0614,Blinkit Delhi - 19,Delhi,Tier 1,Medium,Dark Store,2022
OUT0615,Blinkit Bengaluru - 19,Bengaluru,Tier 1,Medium,Dark Store,2020
OUT0616,Blinkit Hyderabad - 19,Hyderabad,Tier 1,Medium,Warehouse Store,2020
OUT0617,Blinkit Chennai - 19,Chennai,Tier 1,Medium,Warehouse Store,2022
OUT0618,Blinkit Pune - 19,Pune,Tier 1,Medium,Dark Store,2021
OUT0619,Blinkit Kolkata - 19,Kolkata,Tier 1,Small,Express Hub,2021
OUT0620,Blinkit Ahmedabad - 19,Ahmedabad,Tier 1,Medium,Dark Store,2018
OUT0621,Blinkit Noida - 19,Noida,Tier 1,Small,Dark Store,2021
OUT0622,Blinkit Gurugram - 19,Gurugram,Tier 1,Medium,Dark Store,2023
OUT0623,Blinkit Jaipur - 19,Jaipur,Tier 2,Large,Dark Store,2020
OUT0624,Blinkit Lucknow - 19,Lucknow,Tier 2,Small,Dark Store,2023
OUT0625,Blinkit Coimbatore - 19,Coimbatore,Tier 2,Medium,Dark Store,2023
OUT0626,Blinkit Indore - 19,Indore,Tier 2,Small,Dark Store,2024
OUT0627,Blinkit Nagpur - 19,Nagpur,Tier 2,Medium,Express Hub,2021
OUT0628,Blinkit Bhopal - 19,Bhopal,Tier 2,Large,Express Hub,2018
OUT0629,Blinkit Kochi - 19,Kochi,Tier 2,Large,Warehouse Store,2024
OUT0630,Blinkit Chandigarh - 19,Chandigarh,Tier 2,Medium,Dark Store,2022
OUT0631,Blinkit Surat - 19,Surat,Tier 2,Medium,Express Hub,2022
OUT0632,Blinkit Vadodara - 19,Vadodara,Tier 2,Large,Dark Store,2019
OUT0633,Blinkit Visakhapatnam - 19,Visakhapatnam,Tier 2,Small,Dark Store,2024
OUT0634,Blinkit Patna - 19,Patna,Tier 2,Large,Express Hub,2023
OUT0635,Blinkit Tiruppur - 19,Tiruppur,Tier 3,Small,Express Hub,2024
OUT0636,Blinkit Guwahati - 19,Guwahati,Tier 3,Medium,Dark Store,2021
OUT0637,Blinkit Ranchi - 19,Ranchi,Tier 3,Medium,Express Hub,2018
OUT0638,Blinkit Mysuru - 19,Mysuru,Tier 3,Large,Dark Store,2020
OUT0639,Blinkit Nashik - 19,Nashik,Tier 3,Medium,Dark Store,2020
OUT0640,Blinkit Raipur - 19,Raipur,Tier 3,Medium,Dark Store,2019
OUT0641,Blinkit Dehradun - 19,Dehradun,Tier 3,Medium,Dark Store,2019
OUT0642,Blinkit Jodhpur - 19,Jodhpur,Tier 3,Medium,Dark Store,2023
OUT0643,Blinkit Madurai - 19,Madurai,Tier 3,Small,Express Hub,2022
OUT0644,Blinkit Amritsar - 19,Amritsar,Tier 3,Large,Dark Store,2019
OUT0645,Blinkit Varanasi - 19,Varanasi,Tier 3,Small,Dark Store,2022
OUT0646,Blinkit Siliguri - 19,Siliguri,Tier 3,Medium,Warehouse Store,2021
OUT0647,Blinkit Mumbai - 20,Mumbai,Tier 1,Small,Dark Store,2018
OUT0648,Blinkit Delhi - 20,Delhi,Tier 1,Large,Warehouse Store,2021
OUT0649,Blinkit Bengaluru - 20,Bengaluru,Tier 1,Small,Dark Store,2023
OUT0650,Blinkit Hyderabad - 20,Hyderabad,Tier 1,Small,Express Hub,2023
OUT0651,Blinkit Chennai - 20,Chennai,Tier 1,Small,Express Hub,2020
OUT0652,Blinkit Pune - 20,Pune,Tier 1,Large,Dark Store,2020
OUT0653,Blinkit Kolkata - 20,Kolkata,Tier 1,Small,Dark Store,2018
OUT0654,Blinkit Ahmedabad - 20,Ahmedabad,Tier 1,Small,Express Hub,2022
OUT0655,Blinkit Noida - 20,Noida,Tier 1,Medium,Dark Store,2023
OUT0656,Blinkit Gurugram - 20,Gurugram,Tier 1,Medium,Dark Store,2021
OUT0657,Blinkit Jaipur - 20,Jaipur,Tier 2,Medium,Dark Store,2019
OUT0658,Blinkit Lucknow - 20,Lucknow,Tier 2,Small,Warehouse Store,2021
OUT0659,Blinkit Coimbatore - 20,Coimbatore,Tier 2,Small,Dark Store,2020
OUT0660,Blinkit Indore - 20,Indore,Tier 2,Medium,Dark Store,2022
OUT0661,Blinkit Nagpur - 20,Nagpur,Tier 2,Medium,Dark Store,2021
OUT0662,Blinkit Bhopal - 20,Bhopal,Tier 2,Small,Dark Store,2024
OUT0663,Blinkit Kochi - 20,Kochi,Tier 2,Large,Dark Store,2024
OUT0664,Blinkit Chandigarh - 20,Chandigarh,Tier 2,Medium,Dark Store,2023
OUT0665,Blinkit Surat - 20,Surat,Tier 2,Medium,Dark Store,2023
OUT0666,Blinkit Vadodara - 20,Vadodara,Tier 2,Medium,Dark Store,2022
OUT0667,Blinkit Visakhapatnam - 20,Visakhapatnam,Tier 2,Medium,Dark Store,2024
OUT0668,Blinkit Patna - 20,Patna,Tier 2,Medium,Dark Store,2022
OUT0669,Blinkit Tiruppur - 20,Tiruppur,Tier 3,Medium,Express Hub,2024
OUT0670,Blinkit Guwahati - 20,Guwahati,Tier 3,Small,Dark Store,2021
OUT0671,Blinkit Ranchi - 20,Ranchi,Tier 3,Small,Express Hub,2021
OUT0672,Blinkit Mysuru - 20,Mysuru,Tier 3,Small,Dark Store,2023
OUT0673,Blinkit Nashik - 20,Nashik,Tier 3,Small,Warehouse Store,2022
OUT0674,Blinkit Raipur - 20,Raipur,Tier 3,Small,Dark Store,2021
OUT0675,Blinkit Dehradun - 20,Dehradun,Tier 3,Small,Express Hub,2024
OUT0676,Blinkit Jodhpur - 20,Jodhpur,Tier 3,Small,Express Hub,2020
OUT0677,Blinkit Madurai - 20,Madurai,Tier 3,Small,Dark Store,2019
OUT0678,Blinkit Amritsar - 20,Amritsar,Tier 3,Small,Dark Store,2023
OUT0679,Blinkit Varanasi - 20,Varanasi,Tier 3,Medium,Express Hub,2024
OUT0680,Blinkit Siliguri - 20,Siliguri,Tier 3,Medium,Dark Store,2023
OUT0681,Blinkit Mumbai - 21,Mumbai,Tier 1,Medium,Express Hub,2021
OUT0682,Blinkit Delhi - 21,Delhi,Tier 1,Medium,Dark Store,2024
OUT0683,Blinkit Bengaluru - 21,Bengaluru,Tier 1,Medium,Dark Store,2022
OUT0684,Blinkit Hyderabad - 21,Hyderabad,Tier 1,Medium,Dark Store,2023
OUT0685,Blinkit Chennai - 21,Chennai,Tier 1,Medium,Warehouse Store,2022
OUT0686,Blinkit Pune - 21,Pune,Tier 1,Medium,Dark Store,2021
OUT0687,Blinkit Kolkata - 21,Kolkata,Tier 1,Small,Express Hub,2022
OUT0688,Blinkit Ahmedabad - 21,Ahmedabad,Tier 1,Medium,Dark Store,2024
OUT0689,Blinkit Noida - 21,Noida,Tier 1,Medium,Dark Store,2019
OUT0690,Blinkit Gurugram - 21,Gurugram,Tier 1,Small,Express Hub,2023
OUT0691,Blinkit Jaipur - 21,Jaipur,Tier 2,Medium,Express Hub,2021
OUT0692,Blinkit Lucknow - 21,Lucknow,Tier 2,Medium,Express Hub,2020
OUT0693,Blinkit Coimbatore - 21,Coimbatore,Tier 2,Small,Dark Store,2022
OUT0694,Blinkit Indore - 21,Indore,Tier 2,Medium,Express Hub,2021
OUT0695,Blinkit Nagpur - 21,Nagpur,Tier 2,Medium,Express Hub,2018
OUT0696,Blinkit Bhopal - 21,Bhopal,Tier 2,Small,Dark Store,2023
OUT0697,Blinkit Kochi - 21,Kochi,Tier 2,Small,Dark Store,2021
OUT0698,Blinkit Chandigarh - 21,Chandigarh,Tier 2,Small,Express Hub,2019
OUT0699,Blinkit Surat - 21,Surat,Tier 2,Medium,Dark Store,2020
OUT0700,Blinkit Vadodara - 21,Vadodara,Tier 2,Medium,Express Hub,2022
OUT0701,Blinkit Visakhapatnam - 21,Visakhapatnam,Tier 2,Medium,Express Hub,2023
OUT0702,Blinkit Patna - 21,Patna,Tier 2,Medium,Dark Store,2020
OUT0703,Blinkit Tiruppur - 21,Tiruppur,Tier 3,Small,Express Hub,2021
OUT0704,Blinkit Guwahati - 21,Guwahati,Tier 3,Medium,Dark Store,2021
OUT0705,Blinkit Ranchi - 21,Ranchi,Tier 3,Small,Warehouse Store,2021
OUT0706,Blinkit Mysuru - 21,Mysuru,Tier 3,Small,Express Hub,2023
OUT0707,Blinkit Nashik - 21,Nashik,Tier 3,Small,Dark Store,2021
OUT0708,Blinkit Raipur - 21,Raipur,Tier 3,Small,Express Hub,2019
OUT0709,Blinkit Dehradun - 21,Dehradun,Tier 3,Large,Express Hub,2020
OUT0710,Blinkit Jodhpur - 21,Jodhpur,Tier 3,Medium,Express Hub,2023
OUT0711,Blinkit Madurai - 21,Madurai,Tier 3,Medium,Dark Store,2021
OUT0712,Blinkit Amritsar - 21,Amritsar,Tier 3,Small,Dark Store,2024
OUT0713,Blinkit Varanasi - 21,Varanasi,Tier 3,Medium,Express Hub,2023
OUT0714,Blinkit Siliguri - 21,Siliguri,Tier 3,Small,Dark Store,2021
OUT0715,Blinkit Mumbai - 22,Mumbai,Tier 1,Small,Dark Store,2021
OUT0716,Blinkit Delhi - 22,Delhi,Tier 1,Medium,Express Hub,2020
OUT0717,Blinkit Bengaluru - 22,Bengaluru,Tier 1,Small,Dark Store,2022
OUT0718,Blinkit Hyderabad - 22,Hyderabad,Tier 1,Medium,Dark Store,2023
OUT0719,Blinkit Chennai - 22,Chennai,Tier 1,Large,Express Hub,2019
OUT0720,Blinkit Pune - 22,Pune,Tier 1,Large,Dark Store,2019
OUT0721,Blinkit Kolkata - 22,Kolkata,Tier 1,Medium,Dark Store,2019
OUT0722,Blinkit Ahmedabad - 22,Ahmedabad,Tier 1,Large,Express Hub,2021
OUT0723,Blinkit Noida - 22,Noida,Tier 1,Medium,Express Hub,2019
OUT0724,Blinkit Gurugram - 22,Gurugram,Tier 1,Large,Express Hub,2022
OUT0725,Blinkit Jaipur - 22,Jaipur,Tier 2,Small,Express Hub,2019
OUT0726,Blinkit Lucknow - 22,Lucknow,Tier 2,Small,Dark Store,2024
OUT0727,Blinkit Coimbatore - 22,Coimbatore,Tier 2,Small,Dark Store,2023
OUT0728,Blinkit Indore - 22,Indore,Tier 2,Large,Express Hub,2023
OUT0729,Blinkit Nagpur - 22,Nagpur,Tier 2,Small,Warehouse Store,2022
OUT0730,Blinkit Bhopal - 22,Bhopal,Tier 2,Small,Express Hub,2021
OUT0731,Blinkit Kochi - 22,Kochi,Tier 2,Large,Dark Store,2022
OUT0732,Blinkit Chandigarh - 22,Chandigarh,Tier 2,Medium,Express Hub,2024
OUT0733,Blinkit Surat - 22,Surat,Tier 2,Medium,Express Hub,2024
OUT0734,Blinkit Vadodara - 22,Vadodara,Tier 2,Medium,Express Hub,2022
OUT0735,Blinkit Visakhapatnam - 22,Visakhapatnam,Tier 2,Small,Dark Store,2022
OUT0736,Blinkit Patna - 22,Patna,Tier 2,Large,Warehouse Store,2024
OUT0737,Blinkit Tiruppur - 22,Tiruppur,Tier 3,Medium,Express Hub,2018
OUT0738,Blinkit Guwahati - 22,Guwahati,Tier 3,Small,Express Hub,2023
OUT0739,Blinkit Ranchi - 22,Ranchi,Tier 3,Medium,Dark Store,2019
OUT0740,Blinkit Mysuru - 22,Mysuru,Tier 3,Small,Warehouse Store,2019
OUT0741,Blinkit Nashik - 22,Nashik,Tier 3,Large,Dark Store,2023
OUT0742,Blinkit Raipur - 22,Raipur,Tier 3,Medium,Express Hub,2021
OUT0743,Blinkit Dehradun - 22,Dehradun,Tier 3,Medium,Express Hub,2021
OUT0744,Blinkit Jodhpur - 22,Jodhpur,Tier 3,Small,Dark Store,2023
OUT0745,Blinkit Madurai - 22,Madurai,Tier 3,Small,Express Hub,2020
OUT0746,Blinkit Amritsar - 22,Amritsar,Tier 3,Medium,Dark Store,2022
OUT0747,Blinkit Varanasi - 22,Varanasi,Tier 3,Large,Dark Store,2024
OUT0748,Blinkit Siliguri - 22,Siliguri,Tier 3,Small,Express Hub,2023
OUT0749,Blinkit Mumbai - 23,Mumbai,Tier 1,Large,Express Hub,2023
OUT0750,Blinkit Delhi - 23,Delhi,Tier 1,Large,Express Hub,2021
OUT0751,Blinkit Bengaluru - 23,Bengaluru,Tier 1,Small,Express Hub,2019
OUT0752,Blinkit Hyderabad - 23,Hyderabad,Tier 1,Medium,Warehouse Store,2022
OUT0753,Blinkit Chennai - 23,Chennai,Tier 1,Medium,Dark Store,2022
OUT0754,Blinkit Pune - 23,Pune,Tier 1,Medium,Dark Store,2022
OUT0755,Blinkit Kolkata - 23,Kolkata,Tier 1,Medium,Express Hub,2022
OUT0756,Blinkit Ahmedabad - 23,Ahmedabad,Tier 1,Small,Express Hub,2023
OUT0757,Blinkit Noida - 23,Noida,Tier 1,Small,Express Hub,2022
OUT0758,Blinkit Gurugram - 23,Gurugram,Tier 1,Medium,Express Hub,2023
OUT0759,Blinkit Jaipur - 23,Jaipur,Tier 2,Small,Dark Store,2021
OUT0760,Blinkit Lucknow - 23,Lucknow,Tier 2,Medium,Express Hub,2021
OUT0761,Blinkit Coimbatore - 23,Coimbatore,Tier 2,Small,Dark Store,2023
OUT0762,Blinkit Indore - 23,Indore,Tier 2,Medium,Dark Store,2020
OUT0763,Blinkit Nagpur - 23,Nagpur,Tier 2,Medium,Express Hub,2022
OUT0764,Blinkit Bhopal - 23,Bhopal,Tier 2,Small,Express Hub,2021
OUT0765,Blinkit Kochi - 23,Kochi,Tier 2,Small,Express Hub,2022
OUT0766,Blinkit Chandigarh - 23,Chandigarh,Tier 2,Medium,Dark Store,2022
OUT0767,Blinkit Surat - 23,Surat,Tier 2,Small,Dark Store,2021
OUT0768,Blinkit Vadodara - 23,Vadodara,Tier 2,Medium,Express Hub,2022
OUT0769,Blinkit Visakhapatnam - 23,Visakhapatnam,Tier 2,Small,Dark Store,2024
OUT0770,Blinkit Patna - 23,Patna,Tier 2,Large,Express Hub,2023
OUT0771,Blinkit Tiruppur - 23,Tiruppur,Tier 3,Small,Dark Store,2018
OUT0772,Blinkit Guwahati - 23,Guwahati,Tier 3,Medium,Dark Store,2023
OUT0773,Blinkit Ranchi - 23,Ranchi,Tier 3,Small,Express Hub,2022
OUT0774,Blinkit Mysuru - 23,Mysuru,Tier 3,Medium,Express Hub,2018
OUT0775,Blinkit Nashik - 23,Nashik,Tier 3,Small,Express Hub,2022
OUT0776,Blinkit Raipur - 23,Raipur,Tier 3,Small,Dark Store,2023
OUT0777,Blinkit Dehradun - 23,Dehradun,Tier 3,Small,Dark Store,2022
OUT0778,Blinkit Jodhpur - 23,Jodhpur,Tier 3,Small,Dark Store,2020
OUT0779,Blinkit Madurai - 23,Madurai,Tier 3,Small,Express Hub,2022
OUT0780,Blinkit Amritsar - 23,Amritsar,Tier 3,Small,Dark Store,2021
OUT0781,Blinkit Varanasi - 23,Varanasi,Tier 3,Large,Dark Store,2023
OUT0782,Blinkit Siliguri - 23,Siliguri,Tier 3,Small,Dark Store,2018
OUT0783,Blinkit Mumbai - 24,Mumbai,Tier 1,Small,Warehouse Store,2023
OUT0784,Blinkit Delhi - 24,Delhi,Tier 1,Medium,Express Hub,2022
OUT0785,Blinkit Bengaluru - 24,Bengaluru,Tier 1,Medium,Dark Store,2018
OUT0786,Blinkit Hyderabad - 24,Hyderabad,Tier 1,Medium,Dark Store,2023
OUT0787,Blinkit Chennai - 24,Chennai,Tier 1,Small,Dark Store,2023
OUT0788,Blinkit Pune - 24,Pune,Tier 1,Medium,Express Hub,2023
OUT0789,Blinkit Kolkata - 24,Kolkata,Tier 1,Medium,Dark Store,2022
OUT0790,Blinkit Ahmedabad - 24,Ahmedabad,Tier 1,Large,Dark Store,2019
OUT0791,Blinkit Noida - 24,Noida,Tier 1,Small,Dark Store,2022
OUT0792,Blinkit Gurugram - 24,Gurugram,Tier 1,Medium,Express Hub,2022
OUT0793,Blinkit Jaipur - 24,Jaipur,Tier 2,Small,Dark Store,2023
OUT0794,Blinkit Lucknow - 24,Lucknow,Tier 2,Medium,Dark Store,2018
OUT0795,Blinkit Coimbatore - 24,Coimbatore,Tier 2,Small,Express Hub,2022
OUT0796,Blinkit Indore - 24,Indore,Tier 2,Large,Dark Store,2023
OUT0797,Blinkit Nagpur - 24,Nagpur,Tier 2,Small,Dark Store,2024
OUT0798,Blinkit Bhopal - 24,Bhopal,Tier 2,Small,Dark Store,2020
OUT0799,Blinkit Kochi - 24,Kochi,Tier 2,Medium,Express Hub,2020
OUT0800,Blinkit Chandigarh - 24,Chandigarh,Tier 2,Medium,Dark Store,2023
OUT0801,Blinkit Surat - 24,Surat,Tier 2,Large,Dark Store,2019
OUT0802,Blinkit Vadodara - 24,Vadodara,Tier 2,Small,Express Hub,2020
OUT0803,Blinkit Visakhapatnam - 24,Visakhapatnam,Tier 2,Medium,Dark Store,2021
OUT0804,Blinkit Patna - 24,Patna,Tier 2,Medium,Dark Store,2021
OUT0805,Blinkit Tiruppur - 24,Tiruppur,Tier 3,Medium,Dark Store,2021
OUT0806,Blinkit Guwahati - 24,Guwahati,Tier 3,Medium,Dark Store,2019
OUT0807,Blinkit Ranchi - 24,Ranchi,Tier 3,Small,Dark Store,2018
OUT0808,Blinkit Mysuru - 24,Mysuru,Tier 3,Medium,Dark Store,2021
OUT0809,Blinkit Nashik - 24,Nashik,Tier 3,Small,Express Hub,2023
OUT0810,Blinkit Raipur - 24,Raipur,Tier 3,Medium,Dark Store,2023
OUT0811,Blinkit Dehradun - 24,Dehradun,Tier 3,Large,Warehouse Store,2022
OUT0812,Blinkit Jodhpur - 24,Jodhpur,Tier 3,Medium,Dark Store,2020
OUT0813,Blinkit Madurai - 24,Madurai,Tier 3,Medium,Dark Store,2020
OUT0814,Blinkit Amritsar - 24,Amritsar,Tier 3,Large,Dark Store,2022
OUT0815,Blinkit Varanasi - 24,Varanasi,Tier 3,Medium,Dark Store,2022
OUT0816,Blinkit Siliguri - 24,Siliguri,Tier 3,Large,Dark Store,2021
OUT0817,Blinkit Mumbai - 25,Mumbai,Tier 1,Medium,Warehouse Store,2019
OUT0818,Blinkit Delhi - 25,Delhi,Tier 1,Medium,Dark Store,2024
OUT0819,Blinkit Bengaluru - 25,Bengaluru,Tier 1,Large,Express Hub,2022
OUT0820,Blinkit Hyderabad - 25,Hyderabad,Tier 1,Medium,Dark Store,2023
OUT0821,Blinkit Chennai - 25,Chennai,Tier 1,Small,Dark Store,2022
OUT0822,Blinkit Pune - 25,Pune,Tier 1,Medium,Express Hub,2022
OUT0823,Blinkit Kolkata - 25,Kolkata,Tier 1,Large,Express Hub,2023
OUT0824,Blinkit Ahmedabad - 25,Ahmedabad,Tier 1,Small,Express Hub,2023
OUT0825,Blinkit Noida - 25,Noida,Tier 1,Small,Dark Store,2019
OUT0826,Blinkit Gurugram - 25,Gurugram,Tier 1,Medium,Warehouse Store,2023
OUT0827,Blinkit Jaipur - 25,Jaipur,Tier 2,Large,Dark Store,2024
OUT0828,Blinkit Lucknow - 25,Lucknow,Tier 2,Large,Express Hub,2023
OUT0829,Blinkit Coimbatore - 25,Coimbatore,Tier 2,Small,Warehouse Store,2020
OUT0830,Blinkit Indore - 25,Indore,Tier 2,Medium,Dark Store,2020
OUT0831,Blinkit Nagpur - 25,Nagpur,Tier 2,Small,Warehouse Store,2019
OUT0832,Blinkit Bhopal - 25,Bhopal,Tier 2,Large,Dark Store,2023
OUT0833,Blinkit Kochi - 25,Kochi,Tier 2,Medium,Dark Store,2020
OUT0834,Blinkit Chandigarh - 25,Chandigarh,Tier 2,Medium,Warehouse Store,2018
OUT0835,Blinkit Surat - 25,Surat,Tier 2,Medium,Dark Store,2022
OUT0836,Blinkit Vadodara - 25,Vadodara,Tier 2,Small,Dark Store,2019
OUT0837,Blinkit Visakhapatnam - 25,Visakhapatnam,Tier 2,Medium,Express Hub,2021
OUT0838,Blinkit Patna - 25,Patna,Tier 2,Small,Dark Store,2020
OUT0839,Blinkit Tiruppur - 25,Tiruppur,Tier 3,Medium,Express Hub,2019
OUT0840,Blinkit Guwahati - 25,Guwahati,Tier 3,Medium,Dark Store,2023
OUT0841,Blinkit Ranchi - 25,Ranchi,Tier 3,Medium,Dark Store,2020
OUT0842,Blinkit Mysuru - 25,Mysuru,Tier 3,Medium,Dark Store,2023
OUT0843,Blinkit Nashik - 25,Nashik,Tier 3,Small,Warehouse Store,2021
OUT0844,Blinkit Raipur - 25,Raipur,Tier 3,Small,Dark Store,2019
OUT0845,Blinkit Dehradun - 25,Dehradun,Tier 3,Medium,Express Hub,2023
OUT0846,Blinkit Jodhpur - 25,Jodhpur,Tier 3,Small,Express Hub,2021
OUT0847,Blinkit Madurai - 25,Madurai,Tier 3,Small,Dark Store,2020
OUT0848,Blinkit Amritsar - 25,Amritsar,Tier 3,Small,Express Hub,2019
OUT0849,Blinkit Varanasi - 25,Varanasi,Tier 3,Small,Dark Store,2022
OUT0850,Blinkit Siliguri - 25,Siliguri,Tier 3,Small,Dark Store,2023
OUT0851,Blinkit Mumbai - 26,Mumbai,Tier 1,Medium,Warehouse Store,2022
OUT0852,Blinkit Delhi - 26,Delhi,Tier 1,Small,Dark Store,2021
OUT0853,Blinkit Bengaluru - 26,Bengaluru,Tier 1,Small,Dark Store,2022
OUT0854,Blinkit Hyderabad - 26,Hyderabad,Tier 1,Large,Express Hub,2020
OUT0855,Blinkit Chennai - 26,Chennai,Tier 1,Large,Warehouse Store,2021
OUT0856,Blinkit Pune - 26,Pune,Tier 1,Medium,Express Hub,2019
OUT0857,Blinkit Kolkata - 26,Kolkata,Tier 1,Medium,Dark Store,2019
OUT0858,Blinkit Ahmedabad - 26,Ahmedabad,Tier 1,Medium,Express Hub,2024
OUT0859,Blinkit Noida - 26,Noida,Tier 1,Small,Express Hub,2021
OUT0860,Blinkit Gurugram - 26,Gurugram,Tier 1,Small,Dark Store,2018
OUT0861,Blinkit Jaipur - 26,Jaipur,Tier 2,Small,Dark Store,2022
OUT0862,Blinkit Lucknow - 26,Lucknow,Tier 2,Small,Dark Store,2021
OUT0863,Blinkit Coimbatore - 26,Coimbatore,Tier 2,Small,Dark Store,2022
OUT0864,Blinkit Indore - 26,Indore,Tier 2,Medium,Dark Store,2022
OUT0865,Blinkit Nagpur - 26,Nagpur,Tier 2,Small,Warehouse Store,2021
OUT0866,Blinkit Bhopal - 26,Bhopal,Tier 2,Small,Dark Store,2020
OUT0867,Blinkit Kochi - 26,Kochi,Tier 2,Small,Dark Store,2020
OUT0868,Blinkit Chandigarh - 26,Chandigarh,Tier 2,Medium,Express Hub,2022
OUT0869,Blinkit Surat - 26,Surat,Tier 2,Small,Warehouse Store,2023
OUT0870,Blinkit Vadodara - 26,Vadodara,Tier 2,Large,Express Hub,2023
OUT0871,Blinkit Visakhapatnam - 26,Visakhapatnam,Tier 2,Small,Dark Store,2021
OUT0872,Blinkit Patna - 26,Patna,Tier 2,Medium,Dark Store,2019
OUT0873,Blinkit Tiruppur - 26,Tiruppur,Tier 3,Large,Express Hub,2018
OUT0874,Blinkit Guwahati - 26,Guwahati,Tier 3,Small,Dark Store,2022
OUT0875,Blinkit Ranchi - 26,Ranchi,Tier 3,Medium,Express Hub,2023
OUT0876,Blinkit Mysuru - 26,Mysuru,Tier 3,Small,Express Hub,2021
OUT0877,Blinkit Nashik - 26,Nashik,Tier 3,Medium,Dark Store,2024
OUT0878,Blinkit Raipur - 26,Raipur,Tier 3,Medium,Warehouse Store,2021
OUT0879,Blinkit Dehradun - 26,Dehradun,Tier 3,Medium,Dark Store,2023
OUT0880,Blinkit Jodhpur - 26,Jodhpur,Tier 3,Small,Dark Store,2021
OUT0881,Blinkit Madurai - 26,Madurai,Tier 3,Medium,Dark Store,2023
OUT0882,Blinkit Amritsar - 26,Amritsar,Tier 3,Medium,Dark Store,2023
OUT0883,Blinkit Varanasi - 26,Varanasi,Tier 3,Medium,Express Hub,2022
OUT0884,Blinkit Siliguri - 26,Siliguri,Tier 3,Small,Dark Store,2019
OUT0885,Blinkit Mumbai - 27,Mumbai,Tier 1,Medium,Express Hub,2018
OUT0886,Blinkit Delhi - 27,Delhi,Tier 1,Medium,Warehouse Store,2019
OUT0887,Blinkit Bengaluru - 27,Bengaluru,Tier 1,Medium,Dark Store,2022
OUT0888,Blinkit Hyderabad - 27,Hyderabad,Tier 1,Small,Express Hub,2020
OUT0889,Blinkit Chennai - 27,Chennai,Tier 1,Small,Dark Store,2021
OUT0890,Blinkit Pune - 27,Pune,Tier 1,Small,Express Hub,2023
OUT0891,Blinkit Kolkata - 27,Kolkata,Tier 1,Medium,Dark Store,2021
OUT0892,Blinkit Ahmedabad - 27,Ahmedabad,Tier 1,Medium,Express Hub,2020
OUT0893,Blinkit Noida - 27,Noida,Tier 1,Medium,Dark Store,2020
OUT0894,Blinkit Gurugram - 27,Gurugram,Tier 1,Medium,Dark Store,2020
OUT0895,Blinkit Jaipur - 27,Jaipur,Tier 2,Small,Dark Store,2022
OUT0896,Blinkit Lucknow - 27,Lucknow,Tier 2,Medium,Dark Store,2021
OUT0897,Blinkit Coimbatore - 27,Coimbatore,Tier 2,Medium,Express Hub,2024
OUT0898,Blinkit Indore - 27,Indore,Tier 2,Medium,Dark Store,2020
OUT0899,Blinkit Nagpur - 27,Nagpur,Tier 2,Medium,Express Hub,2021
OUT0900,Blinkit Bhopal - 27,Bhopal,Tier 2,Medium,Dark Store,2022
OUT0901,Blinkit Kochi - 27,Kochi,Tier 2,Medium,Dark Store,2018
OUT0902,Blinkit Chandigarh - 27,Chandigarh,Tier 2,Large,Warehouse Store,2019
OUT0903,Blinkit Surat - 27,Surat,Tier 2,Medium,Express Hub,2022
OUT0904,Blinkit Vadodara - 27,Vadodara,Tier 2,Medium,Dark Store,2020
OUT0905,Blinkit Visakhapatnam - 27,Visakhapatnam,Tier 2,Large,Express Hub,2024
OUT0906,Blinkit Patna - 27,Patna,Tier 2,Medium,Dark Store,2019
OUT0907,Blinkit Tiruppur - 27,Tiruppur,Tier 3,Small,Dark Store,2023
OUT0908,Blinkit Guwahati - 27,Guwahati,Tier 3,Medium,Express Hub,2023
OUT0909,Blinkit Ranchi - 27,Ranchi,Tier 3,Large,Dark Store,2019
OUT0910,Blinkit Mysuru - 27,Mysuru,Tier 3,Medium,Dark Store,2018
OUT0911,Blinkit Nashik - 27,Nashik,Tier 3,Small,Dark Store,2022
OUT0912,Blinkit Raipur - 27,Raipur,Tier 3,Small,Express Hub,2023
OUT0913,Blinkit Dehradun - 27,Dehradun,Tier 3,Small,Express Hub,2023
OUT0914,Blinkit Jodhpur - 27,Jodhpur,Tier 3,Medium,Dark Store,2020
OUT0915,Blinkit Madurai - 27,Madurai,Tier 3,Medium,Dark Store,2023
OUT0916,Blinkit Amritsar - 27,Amritsar,Tier 3,Small,Express Hub,2024
OUT0917,Blinkit Varanasi - 27,Varanasi,Tier 3,Large,Warehouse Store,2023
OUT0918,Blinkit Siliguri - 27,Siliguri,Tier 3,Small,Express Hub,2024
OUT0919,Blinkit Mumbai - 28,Mumbai,Tier 1,Medium,Dark Store,2023
OUT0920,Blinkit Delhi - 28,Delhi,Tier 1,Small,Dark Store,2024
OUT0921,Blinkit Bengaluru - 28,Bengaluru,Tier 1,Small,Express Hub,2022
OUT0922,Blinkit Hyderabad - 28,Hyderabad,Tier 1,Medium,Express Hub,2019
OUT0923,Blinkit Chennai - 28,Chennai,Tier 1,Medium,Dark Store,2021
OUT0924,Blinkit Pune - 28,Pune,Tier 1,Large,Dark Store,2023
OUT0925,Blinkit Kolkata - 28,Kolkata,Tier 1,Medium,Dark Store,2022
OUT0926,Blinkit Ahmedabad - 28,Ahmedabad,Tier 1,Medium,Express Hub,2023
OUT0927,Blinkit Noida - 28,Noida,Tier 1,Medium,Express Hub,2020
OUT0928,Blinkit Gurugram - 28,Gurugram,Tier 1,Medium,Dark Store,2019
OUT0929,Blinkit Jaipur - 28,Jaipur,Tier 2,Medium,Dark Store,2023
OUT0930,Blinkit Lucknow - 28,Lucknow,Tier 2,Medium,Warehouse Store,2020
OUT0931,Blinkit Coimbatore - 28,Coimbatore,Tier 2,Medium,Express Hub,2022
OUT0932,Blinkit Indore - 28,Indore,Tier 2,Medium,Dark Store,2021
OUT0933,Blinkit Nagpur - 28,Nagpur,Tier 2,Medium,Express Hub,2020
OUT0934,Blinkit Bhopal - 28,Bhopal,Tier 2,Large,Dark Store,2024
OUT0935,Blinkit Kochi - 28,Kochi,Tier 2,Medium,Warehouse Store,2021
OUT0936,Blinkit Chandigarh - 28,Chandigarh,Tier 2,Medium,Express Hub,2023
OUT0937,Blinkit Surat - 28,Surat,Tier 2,Large,Express Hub,2023
OUT0938,Blinkit Vadodara - 28,Vadodara,Tier 2,Small,Dark Store,2021
OUT0939,Blinkit Visakhapatnam - 28,Visakhapatnam,Tier 2,Large,Dark Store,2021
OUT0940,Blinkit Patna - 28,Patna,Tier 2,Small,Express Hub,2021
OUT0941,Blinkit Tiruppur - 28,Tiruppur,Tier 3,Small,Express Hub,2022
OUT0942,Blinkit Guwahati - 28,Guwahati,Tier 3,Medium,Dark Store,2021
OUT0943,Blinkit Ranchi - 28,Ranchi,Tier 3,Medium,Express Hub,2022
OUT0944,Blinkit Mysuru - 28,Mysuru,Tier 3,Large,Express Hub,2019
OUT0945,Blinkit Nashik - 28,Nashik,Tier 3,Small,Dark Store,2021
OUT0946,Blinkit Raipur - 28,Raipur,Tier 3,Small,Dark Store,2023
OUT0947,Blinkit Dehradun - 28,Dehradun,Tier 3,Large,Express Hub,2023
OUT0948,Blinkit Jodhpur - 28,Jodhpur,Tier 3,Small,Express Hub,2023
OUT0949,Blinkit Madurai - 28,Madurai,Tier 3,Small,Warehouse Store,2020
OUT0950,Blinkit Amritsar - 28,Amritsar,Tier 3,Small,Express Hub,2020
OUT0951,Blinkit Varanasi - 28,Varanasi,Tier 3,Small,Express Hub,2021
OUT0952,Blinkit Siliguri - 28,Siliguri,Tier 3,Medium,Dark Store,2023
OUT0953,Blinkit Mumbai - 29,Mumbai,Tier 1,Large,Dark Store,2022
OUT0954,Blinkit Delhi - 29,Delhi,Tier 1,Small,Dark Store,2020
OUT0955,Blinkit Bengaluru - 29,Bengaluru,Tier 1,Medium,Warehouse Store,2020
OUT0956,Blinkit Hyderabad - 29,Hyderabad,Tier 1,Medium,Dark Store,2020
OUT0957,Blinkit Chennai - 29,Chennai,Tier 1,Medium,Dark Store,2018
OUT0958,Blinkit Pune - 29,Pune,Tier 1,Medium,Dark Store,2024
OUT0959,Blinkit Kolkata - 29,Kolkata,Tier 1,Small,Express Hub,2021
OUT0960,Blinkit Ahmedabad - 29,Ahmedabad,Tier 1,Small,Dark Store,2022
OUT0961,Blinkit Noida - 29,Noida,Tier 1,Medium,Dark Store,2022
OUT0962,Blinkit Gurugram - 29,Gurugram,Tier 1,Small,Dark Store,2018
OUT0963,Blinkit Jaipur - 29,Jaipur,Tier 2,Small,Dark Store,2021
OUT0964,Blinkit Lucknow - 29,Lucknow,Tier 2,Small,Warehouse Store,2021
OUT0965,Blinkit Coimbatore - 29,Coimbatore,Tier 2,Medium,Dark Store,2022
OUT0966,Blinkit Indore - 29,Indore,Tier 2,Large,Dark Store,2021
OUT0967,Blinkit Nagpur - 29,Nagpur,Tier 2,Large,Express Hub,2022
OUT0968,Blinkit Bhopal - 29,Bhopal,Tier 2,Small,Dark Store,2023
OUT0969,Blinkit Kochi - 29,Kochi,Tier 2,Medium,Express Hub,2022
OUT0970,Blinkit Chandigarh - 29,Chandigarh,Tier 2,Small,Dark Store,2023
OUT0971,Blinkit Surat - 29,Surat,Tier 2,Small,Express Hub,2022
OUT0972,Blinkit Vadodara - 29,Vadodara,Tier 2,Medium,Express Hub,2023
OUT0973,Blinkit Visakhapatnam - 29,Visakhapatnam,Tier 2,Medium,Dark Store,2022
OUT0974,Blinkit Patna - 29,Patna,Tier 2,Medium,Dark Store,2023
OUT0975,Blinkit Tiruppur - 29,Tiruppur,Tier 3,Large,Dark Store,2022
OUT0976,Blinkit Guwahati - 29,Guwahati,Tier 3,Large,Express Hub,2023
OUT0977,Blinkit Ranchi - 29,Ranchi,Tier 3,Medium,Warehouse Store,2021
OUT0978,Blinkit Mysuru - 29,Mysuru,Tier 3,Small,Dark Store,2022
OUT0979,Blinkit Nashik - 29,Nashik,Tier 3,Medium,Dark Store,2023
OUT0980,Blinkit Raipur - 29,Raipur,Tier 3,Medium,Dark Store,2021
OUT0981,Blinkit Dehradun - 29,Dehradun,Tier 3,Medium,Warehouse Store,2023
OUT0982,Blinkit Jodhpur - 29,Jodhpur,Tier 3,Small,Express Hub,2023
OUT0983,Blinkit Madurai - 29,Madurai,Tier 3,Large,Dark Store,2018
OUT0984,Blinkit Amritsar - 29,Amritsar,Tier 3,Large,Dark Store,2022
OUT0985,Blinkit Varanasi - 29,Varanasi,Tier 3,Small,Dark Store,2023
OUT0986,Blinkit Siliguri - 29,Siliguri,Tier 3,Medium,Dark Store,2021
OUT0987,Blinkit Mumbai - 30,Mumbai,Tier 1,Small,Dark Store,2024
OUT0988,Blinkit Delhi - 30,Delhi,Tier 1,Medium,Dark Store,2023
OUT0989,Blinkit Bengaluru - 30,Bengaluru,Tier 1,Small,Dark Store,2024
OUT0990,Blinkit Hyderabad - 30,Hyderabad,Tier 1,Medium,Dark Store,2022
OUT0991,Blinkit Chennai - 30,Chennai,Tier 1,Medium,Dark Store,2020
OUT0992,Blinkit Pune - 30,Pune,Tier 1,Medium,Express Hub,2021
OUT0993,Blinkit Kolkata - 30,Kolkata,Tier 1,Small,Warehouse Store,2020
OUT0994,Blinkit Ahmedabad - 30,Ahmedabad,Tier 1,Small,Dark Store,2021
OUT0995,Blinkit Noida - 30,Noida,Tier 1,Large,Dark Store,2021
OUT0996,Blinkit Gurugram - 30,Gurugram,Tier 1,Medium,Dark Store,2018
OUT0997,Blinkit Jaipur - 30,Jaipur,Tier 2,Large,Express Hub,2020
OUT0998,Blinkit Lucknow - 30,Lucknow,Tier 2,Medium,Dark Store,2019
OUT0999,Blinkit Coimbatore - 30,Coimbatore,Tier 2,Medium,Dark Store,2019
OUT1000,Blinkit Indore - 30,Indore,Tier 2,Large,Dark Store,2023
