Order_ID,Order_Date,Item_ID,Outlet_ID,Quantity_Sold,MRP,Discount_Percent,Sales_Amount,Delivery_Time_Min,Payment_Mode,Customer_Rating
ORD000001,2023-04-24,ITM0923,OUT0518,1,694.17,15,590.04,7,Credit/Debit Card,4
ORD000002,2024-11-22,ITM0280,OUT0865,1,132.09,15,145.96,8,UPI,4
ORD000003,2023-11-16,ITM0855,OUT0144,4,47.37,0,246.32,9,UPI,5
ORD000004,2024-01-22,ITM0945,OUT0439,2,285.16,10,513.29,11,Wallet,3
ORD000005,2023-08-04,ITM0700,OUT0533,2,54.74,10,98.53,8,Cash on Delivery,5
ORD000006,2023-10-30,ITM0969,OUT0961,3,246.88,10,866.55,16,UPI,4
ORD000007,2024-06-27,ITM0258,OUT0004,5,410.66,20,1642.64,11,Credit/Debit Card,4
ORD000008,2023-10-25,ITM0435,OUT0804,5,72.75,5,449.23,15,UPI,4
ORD000009,2023-03-01,ITM0395,OUT0017,1,826.7,0,826.7,11,UPI,5
ORD000010,2024-03-21,ITM0866,OUT0220,1,169.96,0,169.96,15,UPI,4
ORD000011,2023-05-02,ITM0112,OUT0986,1,101.78,5,96.69,16,UPI,4
ORD000012,2024-03-01,ITM0809,OUT0270,1,98.38,5,93.46,,Credit/Debit Card,4
ORD000013,2024-01-17,ITM0584,OUT0201,2,135.55,10,243.99,14,Credit/Debit Card,4
ORD000014,2023-06-13,ITM0793,OUT0260,1,49.52,15,42.09,13,UPI,4
ORD000015,2024-06-02,ITM0819,OUT0206,1,68.81,10,61.93,5,UPI,3
ORD000016,2024-11-17,ITM0917,OUT0310,2,233.5,25,455.32,16,UPI,3
ORD000017,2024-11-02,ITM0377,OUT0600,5,580.63,15,3207.98,12,Wallet,3
ORD000018,2023-08-27,ITM0136,OUT0851,1,93.58,15,79.54,15,UPI,5
ORD000019,2024-10-10,ITM0845,OUT0366,1,500.25,10,585.29,14,UPI,3
ORD000020,2023-09-07,ITM0436,OUT0895,1,84.95,5,80.7,12,Credit/Debit Card,4
ORD000021,2023-01-29,ITM0825,OUT0221,1,399.79,20,319.83,14,UPI,5
ORD000022,2024-03-06,ITM0452,OUT0060,4,80.88,15,274.99,14,UPI,4
ORD000023,2023-12-18,ITM0124,OUT0723,2,110.82,0,221.64,17,UPI,3
ORD000024,2023-09-07,ITM0459,OUT0495,1,65.33,10,58.8,5,UPI,4
ORD000025,2024-03-28,ITM0857,OUT0310,2,168.86,10,303.95,17,Cash on Delivery,2
ORD000026,2024-01-19,ITM0626,OUT0449,1,53.52,5,50.84,8,UPI,4
ORD000027,2023-01-22,ITM0390,OUT0035,1,221.61,15,188.37,7,UPI,4
ORD000028,2024-07-10,ITM0855,OUT0797,1,47.37,25,35.53,9,Cash on Delivery,3
ORD000029,2023-10-15,ITM0332,OUT0599,1,135.96,0,176.75,13,UPI,4
ORD000030,2023-09-26,ITM0611,OUT0525,2,371.68,10,669.02,11,Cash on Delivery,4
ORD000031,2024-03-14,ITM0910,OUT0439,1,668.31,15,568.06,11,UPI,4
ORD000032,2024-12-08,ITM0044,OUT0591,4,44.97,10,161.89,13,Cash on Delivery,4
ORD000033,2023-09-20,ITM0476,OUT0820,1,47.1,5,44.74,11,Wallet,4
ORD000034,2023-02-09,ITM0517,OUT0384,1,66.82,10,60.14,5,UPI,3
ORD000035,2023-02-19,ITM0385,OUT0617,1,54.56,10,49.1,13,Credit/Debit Card,5
ORD000036,2024-06-05,ITM0759,OUT0847,1,43.43,5,41.26,12,Credit/Debit Card,3
ORD000037,2023-05-26,ITM0556,OUT0772,1,172.82,10,155.54,12,Credit/Debit Card,4
ORD000038,2023-08-04,ITM0494,OUT0378,4,197.77,15,672.42,11,UPI,4
ORD000039,2024-09-16,ITM0789,OUT0168,1,308.94,5,293.49,8,UPI,4
ORD000040,2024-07-17,ITM0635,OUT0190,1,575.45,25,431.59,9,UPI,3
ORD000041,2023-12-05,ITM0034,OUT0576,2,402.47,0,804.94,15,credit/debit card,2
ORD000042,2024-07-02,ITM0494,OUT0619,1,197.77,25,148.33,9,UPI,3
ORD000043,2023-06-21,ITM0637,OUT0984,4,116.45,15,395.93,6,UPI,2
ORD000044,2023-07-06,ITM0602,OUT0080,1,90.69,5,86.16,13,Wallet,5
ORD000045,2024-09-01,ITM0371,OUT0711,1,533.71,0,533.71,7,UPI,4
ORD000046,2024-03-13,ITM0216,OUT0114,1,151.87,20,121.5,6,UPI,4
ORD000047,2023-08-11,ITM0355,OUT0518,1,304.24,10,273.82,14,Credit/Debit Card,3
ORD000048,2023-08-22,ITM0438,OUT0348,1,159.12,10,143.21,9,Credit/Debit Card,4
ORD000049,2024-12-10,ITM0109,OUT0063,2,54.52,5,103.59,7,Wallet,3
ORD000050,2024-10-10,ITM0426,OUT0261,2,233.88,10,547.28,17,UPI,5
ORD000051,2024-07-07,ITM0211,OUT0154,1,191.75,20,153.4,13,Wallet,5
ORD000052,2023-10-27,ITM0361,OUT0527,2,35.29,5,87.17,13,Credit/Debit Card,4
ORD000053,2024-08-31,ITM0809,OUT0988,1,98.38,15,83.62,19,Credit/Debit Card,
ORD000054,2023-02-22,ITM0750,OUT0888,1,231.15,10,208.03,9,Cash on Delivery,4
ORD000055,2023-05-01,ITM0792,OUT0419,2,389.85,5,740.72,13,Wallet,4
ORD000056,2023-03-21,ITM0309,OUT0976,1,151.26,15,128.57,14,Credit/Debit Card,3
ORD000057,2023-02-03,ITM0707,OUT0908,2,856.93,0,1713.86,10,UPI,5
ORD000058,2024-01-06,ITM0549,OUT0597,1,194.88,15,165.65,9,Credit/Debit Card,5
ORD000059,2024-09-03,ITM0891,OUT0596,5,36.06,0,180.3,10,UPI,3
ORD000060,2023-07-14,ITM0289,OUT0550,1,93.71,20,74.97,5,Credit/Debit Card,3
ORD000061,2023-11-16,ITM0396,OUT0096,2,311.41,10,728.7,8,Credit/Debit Card,5
ORD000062,2024-06-22,ITM0774,OUT0359,1,280.12,25,210.09,18,Cash on Delivery,4
ORD000063,2024-09-28,ITM0197,OUT0787,3,455.7,25,1025.32,17,Cash on Delivery,3
ORD000064,2024-12-29,ITM0317,OUT0629,2,102.63,0,205.26,14,UPI,3
ORD000065,2023-02-22,ITM0258,OUT0909,2,410.66,15,698.12,20,UPI,5
ORD000066,2024-10-12,ITM0864,OUT0742,3,192.1,20,599.35,8,Wallet,4
ORD000067,2024-07-01,ITM0455,OUT0813,1,406.29,0,406.29,12,Wallet,3
ORD000068,2024-03-07,ITM0006,OUT0720,1,302.67,25,227,10,UPI,4
ORD000069,2023-01-26,ITM0554,OUT0988,5,224.79,5,1067.75,15,UPI,5
ORD000070,2024-05-01,ITM0613,OUT0902,1,67.76,0,67.76,17,UPI,5
ORD000071,2024-01-01,ITM0626,OUT0104,3,53.52,20,128.45,9,UPI,4
ORD000072,2023-10-23,ITM0086,OUT0231,5,199.22,25,971.2,10,UPI,5
ORD000073,2023-12-21,ITM0292,OUT0981,1,111.61,5,106.03,9,UPI,4
ORD000074,2023-08-20,ITM0857,OUT0139,2,168.86,5,320.83,13,UPI,4
ORD000075,2023-04-15,ITM0062,OUT0375,3,65.22,15,166.31,12,Credit/Debit Card,3
ORD000076,2023-03-09,ITM0666,OUT0216,1,250.26,10,225.23,6,UPI,3
ORD000077,2023-11-27,ITM0994,OUT0117,5,480.35,15,2653.93,7,UPI,4
ORD000078,2024-11-17,ITM0633,OUT0756,3,153.9,0,600.21,11,UPI,4
ORD000079,2024-06-05,ITM0574,OUT0837,3,460.59,10,1243.59,9,UPI,3
ORD000080,2023-02-27,ITM0235,OUT0010,1,229.34,0,229.34,7,UPI,3
ORD000081,2023-09-20,ITM0045,OUT0640,2,280.8,5,533.52,11,Credit/Debit Card,4
ORD000082,2024-05-29,ITM0680,OUT0532,3,147.85,20,354.84,10,UPI,3
ORD000083,2023-08-03,ITM0652,OUT0398,1,97.61,25,73.21,18,Wallet,4
ORD000084,2024-10-02,ITM0318,OUT0459,4,219.4,5,1083.84,13,UPI,4
ORD000085,2024-12-20,ITM0423,OUT0307,2,129.87,0,259.74,5,UPI,5
ORD000086,2024-03-16,ITM0423,OUT0716,3,129.87,0,389.61,9,UPI,5
ORD000087,2023-09-13,ITM0764,OUT0729,2,183.2,10,329.76,16,Credit/Debit Card,2
ORD000088,2024-10-26,ITM0809,OUT0745,4,98.38,25,383.68,11,Credit/Debit Card,3
ORD000089,2023-09-15,ITM0450,OUT0572,3,429.72,20,1031.33,8,UPI,3
ORD000090,2023-12-25,ITM0535,OUT0022,2,46.56,10,83.81,15,UPI,4
ORD000091,2023-04-12,ITM0006,OUT0117,5,302.67,20,1210.68,8,UPI,4
ORD000092,2023-10-09,ITM0690,OUT0354,1,130.96,5,161.74,10,UPI,3
ORD000093,2024-02-16,ITM0659,OUT0526,1,749.28,10,674.35,16,Wallet,4
ORD000094,2024-03-25,ITM0131,OUT0886,3,853.04,10,2303.21,14,Wallet,4
ORD000095,2024-10-01,ITM0607,OUT0401,2,278.73,0,724.7,10,UPI,5
ORD000096,2024-12-16,ITM0788,OUT0659,2,108.65,15,184.71,7,Credit/Debit Card,5
ORD000098,2024-05-30,ITM0106,OUT0028,1,320.11,0,320.11,18,UPI,4
ORD000099,2024-07-16,ITM0197,OUT0372,2,455.7,15,774.69,16,UPI,4
ORD000100,2023-10-01,ITM0847,OUT0571,1,343.57,15,379.64,15,Wallet,5
ORD000101,2023-04-15,ITM0880,OUT0197,3,133.84,10,361.37,12,Wallet,4
ORD000102,2023-09-18,ITM0611,OUT0537,1,371.68,5,353.1,12,UPI,5
ORD000103,2024-07-06,ITM0884,OUT0827,2,237.11,0,474.22,11,UPI,3
ORD000104,2023-08-28,ITM0629,OUT0915,1,434.95,20,347.96,8,UPI,4
ORD000105,2024-09-10,ITM0710,OUT0756,1,63.82,10,57.44,15,Credit/Debit Card,3
ORD000106,2023-02-06,ITM0086,OUT0159,1,199.22,20,159.38,12,UPI,
ORD000107,2023-08-30,ITM0575,OUT0187,1,117.25,0,117.25,5,Credit/Debit Card,4
ORD000108,2024-04-03,ITM0984,OUT0689,1,372.75,20,298.2,11,Credit/Debit Card,2
ORD000109,2023-03-25,ITM0880,OUT0478,2,133.84,5,254.3,10,UPI,3
ORD000110,2023-05-05,ITM0395,OUT0385,1,826.7,5,785.37,21,UPI,3
ORD000111,2024-09-01,ITM0870,OUT0972,2,156.92,5,298.15,10,UPI,5
ORD000112,2024-12-08,ITM0931,OUT0731,1,339.55,25,254.66,15,UPI,3
ORD000113,2024-03-04,ITM0212,OUT0888,1,213.48,10,192.13,11,Credit/Debit Card,4
ORD000114,2024-12-08,ITM0489,OUT0132,4,380.8,10,1370.88,15,UPI,4
ORD000115,2023-09-20,ITM0315,OUT0536,1,147.31,5,139.94,10,UPI,4
ORD000116,2024-04-01,ITM0158,OUT0954,2,184.31,5,350.19,10,UPI,4
ORD000117,2023-01-13,ITM0277,OUT0655,2,34.66,15,58.92,11,UPI,4
ORD000118,2023-04-17,ITM0092,OUT0169,3,215.17,20,516.41,6,Cash on Delivery,5
ORD000119,2024-09-30,ITM0537,OUT0823,2,253.6,0,507.2,6,UPI,4
ORD000120,2023-10-25,ITM0351,OUT0354,1,54.86,20,57.05,7,Cash on Delivery,5
ORD000121,2023-11-02,ITM0550,OUT0128,1,240.94,0,313.22,11,UPI,3
ORD000122,2023-06-16,ITM0739,OUT0856,4,193.22,5,734.24,7,UPI,
ORD000123,2023-05-03,ITM0322,OUT0516,2,135.99,0,271.98,5,Credit/Debit Card,4
ORD000124,2024-01-16,ITM0212,OUT0764,3,213.48,0,640.44,8,Cash on Delivery,4
ORD000125,2023-11-22,ITM0207,OUT0880,2,17.13,0,44.54,15,UPI,3
ORD000126,2024-05-26,ITM0497,OUT0749,1,545.62,25,409.22,15,Wallet,5
ORD000127,2024-11-13,ITM0833,OUT0647,3,576.31,0,2247.61,11,UPI,4
ORD000128,2023-12-14,ITM0358,OUT0223,4,219.24,20,701.57,15,UPI,5
ORD000129,2024-06-08,ITM0049,OUT0653,2,69.08,5,131.25,11,UPI,4
ORD000130,2024-04-11,ITM0315,OUT0417,2,147.31,25,220.97,12,Cash on Delivery,3
ORD000131,2024-09-13,ITM0114,OUT0652,2,362.52,10,652.54,7,Wallet,3
ORD000132,2023-09-15,ITM0004,OUT0212,1,135.9,15,115.52,17,Cash on Delivery,3
ORD000133,2023-09-23,ITM0354,OUT0461,1,96.13,10,86.52,10,UPI,4
ORD000134,2023-09-25,ITM0909,OUT0504,4,54.55,10,196.38,11,Cash on Delivery,3
ORD000135,2023-10-17,ITM0265,OUT0019,1,113.86,0,148.02,5,Wallet,3
ORD000136,2024-05-05,ITM0744,OUT0331,2,407.68,10,733.82,12,Credit/Debit Card,4
ORD000137,2024-02-23,ITM0189,OUT0444,2,399.56,15,679.25,6,Credit/Debit Card,5
ORD000138,2023-01-23,ITM0584,OUT0604,2,135.55,0,271.1,6,UPI,5
ORD000139,2023-02-04,ITM0871,OUT0673,1,282.08,0,282.08,19,UPI,5
ORD000140,2024-11-14,ITM0167,OUT0189,1,51.6,15,57.02,10,UPI,4
ORD000141,2024-05-26,ITM0111,OUT0088,1,27.07,0,27.07,16,UPI,5
ORD000142,2023-09-03,ITM0823,OUT0129,1,248.79,20,199.03,14,Wallet,4
ORD000143,2023-12-16,ITM0551,OUT0303,2,834.72,0,1669.44,18,Wallet,4
ORD000144,2024-02-20,ITM0672,OUT0296,1,149.57,10,134.61,13,UPI,4
ORD000145,2024-03-28,ITM0855,OUT0896,4,47.37,0,189.48,5,UPI,3
ORD000146,2024-12-18,ITM0884,OUT0037,2,237.11,20,379.38,15,Wallet,4
ORD000147,2024-03-20,ITM0076,OUT0357,1,47.65,25,35.74,10,UPI,3
ORD000148,2024-08-19,ITM0367,OUT0256,3,264.17,0,792.51,14,UPI,3
ORD000149,2023-01-19,ITM0146,OUT0999,2,81.22,5,154.32,22,Cash on Delivery,4
ORD000150,2023-01-16,ITM0812,OUT0616,4,47.25,0,189,7,Credit/Debit Card,3
ORD000151,2023-01-27,ITM0999,OUT0985,2,41.96,10,75.53,9,Cash on Delivery,3
ORD000152,2023-04-13,ITM0066,OUT0321,4,436.49,15,1484.07,5,UPI,4
ORD000153,2023-07-22,ITM0404,OUT0810,1,122.6,10,110.34,19,UPI,4
ORD000154,2023-08-25,ITM0742,OUT0108,1,492.26,5,467.65,15,Wallet,3
ORD000155,2024-11-29,ITM0049,OUT0838,2,69.08,15,152.67,11,UPI,5
ORD000156,2024-06-02,ITM0003,OUT0497,4,73.05,10,262.98,7,Wallet,4
ORD000157,2023-02-09,ITM0328,OUT0708,2,26.27,0,52.54,12,UPI,4
ORD000158,2024-12-11,ITM0701,OUT0820,1,171.51,10,154.36,9,Cash on Delivery,4
ORD000159,2023-05-28,ITM0794,OUT0776,1,39.61,10,35.65,11,Credit/Debit Card,5
ORD000160,2024-05-23,ITM0936,OUT0145,2,400.65,15,681.1,14,UPI,4
ORD000161,2024-01-24,ITM0992,OUT0173,4,182.67,5,694.15,14,UPI,4
ORD000162,2024-02-14,ITM0964,OUT0914,5,112.01,25,420.04,6,Wallet,5
ORD000163,2024-08-02,ITM0024,OUT0834,2,166.83,10,300.29,5,UPI,3
ORD000164,2023-03-02,ITM0424,OUT0407,1,140.93,0,140.93,7,Cash on Delivery,3
ORD000165,2023-06-05,ITM0112,OUT0578,1,101.78,10,91.6,14,UPI,4
ORD000166,2024-07-16,ITM0510,OUT0181,2,319.9,5,607.81,12,Cash on Delivery,4
ORD000167,2024-06-16,ITM0426,OUT0234,1,233.88,0,233.88,16,Cash on Delivery,5
ORD000168,2023-12-01,ITM0438,OUT0196,4,159.12,0,636.48,12,UPI,5
ORD000169,2024-10-21,ITM0118,OUT0263,2,200.12,0,520.31,9,UPI,3
ORD000170,2024-03-29,ITM0241,OUT0823,1,35.95,15,30.56,12,UPI,4
ORD000171,2024-02-02,ITM0508,OUT0458,3,72.17,20,173.21,10,UPI,5
ORD000172,2024-09-19,ITM0645,OUT0285,3,168.66,20,404.78,9,Cash on Delivery,3
ORD000173,2024-11-05,ITM0425,OUT0911,1,278.05,0,361.47,5,UPI,4
ORD000174,2024-06-21,ITM0943,OUT0252,1,130.62,10,117.56,10,UPI,5
ORD000175,2023-07-11,ITM0978,OUT0693,1,52.69,0,52.69,15,Credit/Debit Card,3
ORD000176,2024-10-04,ITM0428,OUT0200,4,225.78,0,1174.06,15,UPI,4
ORD000177,2023-11-01,ITM0505,OUT0222,1,49.67,25,48.43,9,UPI,5
ORD000178,2024-12-20,ITM0240,OUT0716,2,157.67,0,315.34,13,Credit/Debit Card,4
ORD000179,2023-02-11,ITM0244,OUT0878,1,160.93,0,160.93,18,UPI,3
ORD000180,2024-05-24,ITM0484,OUT0222,2,196.4,15,333.88,16,UPI,4
ORD000181,2024-08-01,ITM0133,OUT0589,3,68.38,0,205.14,12,Credit/Debit Card,2
ORD000182,2023-09-10,ITM0660,OUT0974,2,438.68,10,789.62,12,UPI,5
ORD000183,2024-02-21,ITM0988,OUT0207,3,156.49,0,469.47,9,Wallet,4
ORD000184,2023-11-23,ITM0686,OUT0092,2,249.85,10,584.65,,Credit/Debit Card,4
ORD000185,2023-09-04,ITM0742,OUT0326,4,492.26,0,1969.04,13,UPI,3
ORD000186,2023-01-03,ITM0277,OUT0508,1,34.66,0,34.66,14,Cash on Delivery,3
ORD000187,2023-05-16,ITM0582,OUT0484,1,70.69,15,60.09,14,Cash on Delivery,5
ORD000188,2023-02-04,ITM0742,OUT0613,1,492.26,0,492.26,8,UPI,4
ORD000189,2024-09-08,ITM0589,OUT0696,1,85.86,0,85.86,13,UPI,2
ORD000190,2024-11-28,ITM0124,OUT0647,3,110.82,25,324.15,7,UPI,4
ORD000191,2023-03-17,ITM0330,OUT0711,1,265.58,5,252.3,8,Credit/Debit Card,5
ORD000192,2023-12-11,ITM0660,OUT0535,4,438.68,0,1754.72,9,Credit/Debit Card,4
ORD000193,2023-12-06,ITM0585,OUT0075,5,350.84,5,1666.49,8,Wallet,5
ORD000194,2023-10-14,ITM0663,OUT0956,1,130.76,10,152.99,18,UPI,4
ORD000195,2024-11-21,ITM0985,OUT0140,1,86.02,20,89.46,,Wallet,5
ORD000196,2024-01-31,ITM0051,OUT0932,1,114.81,10,103.33,10,Credit/Debit Card,3
ORD000197,2023-02-26,ITM0846,OUT0193,1,275.2,5,261.44,13,UPI,4
ORD000198,2023-02-23,ITM0558,OUT0070,1,119.92,10,107.93,10,UPI,4
ORD000199,2023-02-01,ITM0215,OUT0623,1,430.87,5,409.33,16,credit/debit card,4
ORD000200,2023-04-09,ITM0251,OUT0934,1,144.06,0,144.06,14,Credit/Debit Card,3
ORD000201,2023-07-27,ITM0887,OUT0059,3,357.59,10,965.49,,UPI,4
ORD000202,2023-08-22,ITM0942,OUT0141,1,196.68,10,177.01,8,Cash on Delivery,4
ORD000203,2024-05-10,ITM0511,OUT0849,1,166.8,0,166.8,10,UPI,4
ORD000204,2024-06-06,ITM0015,OUT0781,4,11.03,15,37.5,19,UPI,4
ORD000205,2024-05-16,ITM0399,OUT0899,4,146.63,25,439.89,10,Wallet,3
ORD000206,2024-04-28,ITM0948,OUT0666,4,265.29,10,955.04,10,Wallet,5
ORD000207,2024-01-18,ITM0056,OUT0337,1,157.86,5,149.97,5,Credit/Debit Card,4
ORD000208,2023-01-29,ITM0898,OUT0275,1,103.05,15,87.59,10,Cash on Delivery,3
ORD000209,2023-10-23,ITM0841,OUT0588,5,83.66,15,462.22,,UPI,5
ORD000210,2024-03-04,ITM0241,OUT0763,3,35.95,5,102.46,10,UPI,4
ORD000211,2023-07-22,ITM0948,OUT0412,1,265.29,5,252.03,15,Wallet,4
ORD000212,2024-09-24,ITM0592,OUT0591,1,81.68,10,73.51,10,Wallet,4
ORD000213,2024-07-21,ITM0430,OUT0494,1,470.57,15,399.98,16,Cash on Delivery,4
ORD000214,2024-10-08,ITM0458,OUT0933,1,92.6,15,102.32,5,Credit/Debit Card,3
ORD000215,2024-10-21,ITM0394,OUT0750,4,141.88,15,627.11,6,Credit/Debit Card,3
ORD000216,2023-10-16,ITM0305,OUT0712,4,394.03,10,1844.06,7,Cash on Delivery,4
ORD000217,2023-11-19,ITM0940,OUT0157,1,172.78,5,213.38,13,UPI,4
ORD000218,2023-05-25,ITM0534,OUT0226,1,228.51,25,171.38,14,UPI,4
ORD000219,2024-01-14,ITM0979,OUT0990,1,285.84,10,257.26,8,UPI,4
ORD000220,2024-01-29,ITM0819,OUT0941,1,68.81,5,65.37,8,UPI,3
ORD000221,2023-03-18,ITM0265,OUT0992,1,113.86,20,91.09,18,UPI,3
ORD000222,2023-06-14,ITM0932,OUT0199,1,26.09,15,22.18,5,upi,4
ORD000223,2024-07-10,ITM0260,OUT0840,2,147.17,10,264.91,8,Wallet,4
ORD000224,2023-05-02,ITM0728,OUT0127,4,180.25,10,648.9,5,Credit/Debit Card,4
ORD000225,2023-09-29,ITM0377,OUT0579,3,580.63,0,1741.89,8,UPI,2
ORD000226,2024-07-23,ITM0699,OUT0609,1,61.55,10,55.39,12,Cash on Delivery,4
ORD000227,2024-08-13,ITM0259,OUT0418,2,335.43,0,670.86,10,UPI,3
ORD000228,2023-08-07,ITM0260,OUT0281,1,147.17,10,132.45,17,UPI,4
ORD000229,2023-04-12,ITM0827,OUT0094,2,541.69,10,975.04,13,Credit/Debit Card,4
ORD000230,2023-08-20,ITM0974,OUT0873,1,270.88,0,270.88,10,Credit/Debit Card,4
ORD000231,2023-05-24,ITM0233,OUT0221,1,411.63,10,370.47,9,UPI,4
ORD000232,2023-04-27,ITM0393,OUT0966,2,377.56,10,679.61,12,Wallet,3
ORD000233,2024-05-15,ITM0626,OUT0573,2,53.52,5,101.69,10,UPI,4
ORD000234,2023-06-13,ITM0034,OUT0397,4,402.47,5,1529.39,12,Cash on Delivery,3
ORD000235,2023-05-19,ITM0669,OUT0851,1,196.5,20,157.2,11,Credit/Debit Card,4
ORD000236,2024-07-22,ITM0213,OUT0448,1,134.87,0,134.87,5,Credit/Debit Card,4
ORD000237,2024-10-24,ITM0301,OUT0370,1,48.65,5,60.08,11,UPI,3
ORD000238,2023-04-10,ITM0974,OUT0668,2,270.88,0,541.76,7,Credit/Debit Card,5
ORD000239,2023-04-01,ITM0415,OUT0813,1,263.79,15,224.22,17,UPI,5
ORD000240,2023-10-29,ITM0138,OUT0700,1,140.24,20,145.85,14,UPI,4
ORD000241,2024-03-24,ITM0924,OUT0608,4,579.03,0,2316.12,12,Credit/Debit Card,4
ORD000242,2024-07-02,ITM0373,OUT0060,5,104.48,25,391.8,7,UPI,5
ORD000243,2023-12-20,ITM0155,OUT0074,1,99.64,0,99.64,9,Credit/Debit Card,4
ORD000244,2024-03-20,ITM0834,OUT0690,1,109.18,15,92.8,7,UPI,5
ORD000245,2024-07-02,ITM0828,OUT0941,2,389.03,25,583.54,13,Credit/Debit Card,5
ORD000246,2024-08-22,ITM0350,OUT0489,1,162.39,25,121.79,7,UPI,4
ORD000247,2024-09-11,ITM0423,OUT0748,4,129.87,5,493.51,15,UPI,3
ORD000248,2023-03-22,ITM0505,OUT0107,1,49.67,5,47.19,9,UPI,5
ORD000249,2024-12-18,ITM0743,OUT0950,2,239.94,0,479.88,5,Credit/Debit Card,3
ORD000250,2023-02-03,ITM0278,OUT0003,1,266.02,15,226.12,10,UPI,3
ORD000251,2024-07-09,ITM0753,OUT0120,2,332.04,10,597.67,5,Wallet,3
ORD000252,2023-08-08,ITM0317,OUT0032,1,102.63,0,102.63,9,Wallet,4
ORD000253,2024-06-27,ITM0306,OUT0428,1,419.55,10,377.6,8,Wallet,3
ORD000254,2024-07-07,ITM0215,OUT0701,2,430.87,15,732.48,11,Credit/Debit Card,3
ORD000255,2024-12-02,ITM0081,OUT0584,1,195.69,10,176.12,6,UPI,4
ORD000256,2023-10-26,ITM0734,OUT0163,2,157.23,10,367.92,14,UPI,3
ORD000257,2023-08-12,ITM0627,OUT0140,1,54.06,0,54.06,15,Cash on Delivery,4
ORD000258,2024-06-24,ITM0200,OUT0525,3,202.15,10,545.81,5,UPI,4
ORD000259,2024-05-28,ITM0902,OUT0486,1,204.87,10,184.38,19,Cash on Delivery,5
ORD000260,2024-02-03,ITM0335,OUT0118,1,182.55,10,164.3,11,Credit/Debit Card,4
ORD000261,2024-02-01,ITM0577,OUT0724,3,97.69,5,278.42,10,Credit/Debit Card,5
ORD000262,2023-07-15,ITM0109,OUT0311,1,54.52,5,51.79,9,UPI,5
ORD000263,2024-03-04,ITM0566,OUT0669,1,334.72,5,317.98,13,UPI,3
ORD000264,2024-05-02,ITM0548,OUT0756,5,29.79,15,126.61,11,Credit/Debit Card,4
ORD000265,2024-01-16,ITM0835,OUT0934,3,144.28,0,432.84,6,Credit/Debit Card,4
ORD000266,2024-11-26,ITM0686,OUT0501,2,249.85,0,649.61,6,Wallet,3
ORD000267,2024-11-08,ITM0857,OUT0332,1,168.86,0,219.52,5,Wallet,3
ORD000268,2023-04-18,ITM0343,OUT0551,3,159.46,0,478.38,5,UPI,3
ORD000269,2023-06-03,ITM0026,OUT0885,2,74.5,15,126.65,13,Cash on Delivery,4
ORD000270,2023-10-26,ITM0938,OUT0171,3,29.05,5,107.63,7,Wallet,4
ORD000271,2024-07-20,ITM0023,OUT0434,2,711.99,0,1423.98,10,UPI,3
ORD000272,2024-12-08,ITM0153,OUT0975,1,396.2,0,396.2,19,Credit/Debit Card,4
ORD000273,2024-05-28,ITM0552,OUT0922,2,584.5,10,1052.1,5,UPI,4
ORD000274,2023-01-17,ITM0390,OUT0504,2,221.61,5,421.06,6,UPI,4
ORD000275,2024-08-02,ITM0026,OUT0281,1,74.5,15,63.32,15,Cash on Delivery,4
ORD000276,2023-03-18,ITM0020,OUT0174,3,120.44,10,325.19,13,Wallet,4
ORD000277,2024-07-16,ITM0064,OUT0800,3,186.47,0,559.41,8,Wallet,4
ORD000278,2024-10-17,ITM0606,OUT0527,1,173.38,20,180.32,7,UPI,4
ORD000279,2024-09-17,ITM0778,OUT0162,2,156.55,10,281.79,13,UPI,4
ORD000280,2023-06-29,ITM0947,OUT0861,1,63.69,10,57.32,11,UPI,3
ORD000281,2023-01-08,ITM0563,OUT0931,1,325.57,10,293.01,15,UPI,2
ORD000282,2024-06-22,ITM0968,OUT0414,1,39.86,15,33.88,16,Credit/Debit Card,3
ORD000283,2024-06-17,ITM0265,OUT0641,1,113.86,0,113.86,14,UPI,3
ORD000284,2024-08-17,ITM0112,OUT0950,1,101.78,0,101.78,18,UPI,4
ORD000285,2024-12-10,ITM0975,OUT0340,2,88.29,15,150.09,8,Credit/Debit Card,2
ORD000286,2023-09-03,ITM0609,OUT0649,3,349.9,15,892.24,14,Credit/Debit Card,4
ORD000287,2024-09-30,ITM0738,OUT0297,4,247.14,5,939.13,5,UPI,5
ORD000288,2024-02-08,ITM0416,OUT0366,4,63.22,5,240.24,8,Credit/Debit Card,4
ORD000289,2024-06-10,ITM0944,OUT0803,1,209.01,25,156.76,12,UPI,3
ORD000290,2023-07-25,ITM0622,OUT0157,2,755.94,5,1436.29,9,Cash on Delivery,4
ORD000291,2024-03-03,ITM0362,OUT0139,1,141.57,5,134.49,13,UPI,4
ORD000292,2023-10-09,ITM0872,OUT0457,1,67.21,15,74.27,8,UPI,4
ORD000293,2023-02-14,ITM0411,OUT0536,1,58.71,0,58.71,6,UPI,4
ORD000294,2024-12-07,ITM0223,OUT0746,1,287.76,0,287.76,14,Credit/Debit Card,4
ORD000295,2024-09-21,ITM0070,OUT0116,2,522.18,10,939.92,16,Credit/Debit Card,3
ORD000296,2023-03-04,ITM0937,OUT0602,1,92.43,10,83.19,18,UPI,4
ORD000297,2024-03-29,ITM0906,OUT0410,4,75.03,10,270.11,13,Credit/Debit Card,4
ORD000298,2023-12-04,ITM0108,OUT0480,1,367.56,5,349.18,8,UPI,4
ORD000299,2024-01-12,ITM0990,OUT0058,1,337.27,5,320.41,10,UPI,3
ORD000300,2023-10-31,ITM0461,OUT0644,1,522.62,20,543.52,16,UPI,4
ORD000301,2023-08-08,ITM0208,OUT0187,2,145.67,10,262.21,13,UPI,4
ORD000302,2024-11-06,ITM0993,OUT0926,1,314.38,10,367.82,8,Credit/Debit Card,4
ORD000303,2023-06-27,ITM0890,OUT0067,1,25.27,25,18.95,6,Credit/Debit Card,4
ORD000304,2023-01-26,ITM0778,OUT0673,3,156.55,10,422.69,11,Cash on Delivery,2
ORD000306,2024-07-26,ITM0506,OUT0325,1,273.63,0,273.63,8,UPI,2
ORD000307,2023-12-08,ITM0359,OUT0165,1,459.49,0,459.49,10,UPI,5
ORD000308,2023-09-07,ITM0478,OUT0419,1,739.21,0,739.21,7,Credit/Debit Card,3
ORD000309,2023-12-09,ITM0132,OUT0788,3,443.88,0,1331.64,12,UPI,3
ORD000310,2023-03-08,ITM0532,OUT0041,3,93.5,5,266.47,5,UPI,4
ORD000311,2023-11-19,ITM0926,OUT0992,1,198.34,0,257.84,12,UPI,5
ORD000312,2024-03-07,ITM0379,OUT0481,3,71.34,0,214.02,13,Cash on Delivery,4
ORD000313,2024-07-27,ITM0640,OUT0009,2,42.78,0,85.56,22,UPI,5
ORD000314,2024-05-24,ITM0695,OUT0857,3,488.84,10,1319.87,16,Cash on Delivery,3
ORD000315,2023-06-01,ITM0830,OUT0137,1,52.91,0,52.91,11,UPI,4
ORD000316,2024-10-28,ITM0596,OUT0102,1,57.46,10,67.23,10,Cash on Delivery,3
ORD000317,2024-11-02,ITM0985,OUT0566,1,86.02,0,111.83,10,Cash on Delivery,4
ORD000318,2023-03-01,ITM0676,OUT0179,1,84.66,15,71.96,,Credit/Debit Card,3
ORD000319,2023-10-21,ITM0158,OUT0959,1,184.31,15,203.66,20,Credit/Debit Card,2
ORD000320,2023-11-08,ITM0329,OUT0819,4,134.08,20,557.77,13,Credit/Debit Card,3
ORD000321,2023-10-03,ITM0593,OUT0478,2,109.41,0,284.47,10,UPI,4
ORD000322,2024-06-24,ITM0128,OUT0212,3,223.35,10,603.04,12,Wallet,4
ORD000323,2024-11-08,ITM0881,OUT0823,5,191.54,10,1120.51,5,UPI,4
ORD000324,2024-01-17,ITM0864,OUT0793,3,192.1,20,461.04,11,Credit/Debit Card,4
ORD000325,2024-07-04,ITM0738,OUT0882,4,247.14,15,840.28,16,Wallet,4
ORD000326,2023-01-12,ITM0065,OUT0555,1,395.03,10,355.53,10,Credit/Debit Card,5
ORD000327,2023-07-25,ITM0732,OUT0174,2,479.18,0,958.36,11,Credit/Debit Card,4
ORD000328,2023-08-29,ITM0779,OUT0597,3,637.63,10,1721.6,8,UPI,2
ORD000329,2023-05-21,ITM0150,OUT0135,2,174.38,10,313.88,12,Wallet,4
ORD000330,2024-12-05,ITM0254,OUT0207,1,90.68,5,86.15,6,UPI,3
ORD000331,2024-01-05,ITM0473,OUT0092,1,111.84,5,106.25,13,Wallet,4
ORD000332,2023-07-28,ITM0017,OUT0774,1,118.29,5,112.38,11,UPI,4
ORD000333,2023-09-08,ITM0491,OUT0723,4,217.85,10,784.26,10,UPI,2
ORD000334,2023-07-14,ITM0599,OUT0777,1,239.02,15,203.17,16,UPI,4
ORD000335,2023-05-26,ITM0394,OUT0121,1,141.88,5,134.79,13,UPI,3
ORD000336,2023-11-03,ITM0902,OUT0785,1,204.87,20,213.06,15,Cash on Delivery,4
ORD000337,2024-09-27,ITM0443,OUT0233,1,43.75,10,39.38,15,UPI,3
ORD000338,2024-12-10,ITM0264,OUT0535,1,475.21,20,380.17,5,Credit/Debit Card,
ORD000339,2023-07-21,ITM0007,OUT0342,1,316.87,5,301.03,16,UPI,5
ORD000340,2024-05-30,ITM0351,OUT0611,1,54.86,0,54.86,14,Wallet,4
ORD000341,2024-11-18,ITM0218,OUT0017,1,103.53,20,107.67,10,Cash on Delivery,4
ORD000342,2024-09-30,ITM0786,OUT0697,1,305.12,15,259.35,8,UPI,4
ORD000343,2023-01-05,ITM0502,OUT0328,5,598.92,5,2844.87,5,Credit/Debit Card,5
ORD000344,2024-02-19,ITM0003,OUT0619,1,73.05,5,69.4,18,UPI,3
ORD000345,2023-04-22,ITM0168,OUT0506,1,391.21,20,312.97,11,UPI,5
ORD000346,2024-12-05,ITM0828,OUT0058,1,389.03,0,389.03,12,Credit/Debit Card,4
ORD000347,2023-08-02,ITM0626,OUT0533,2,53.52,10,96.34,5,Credit/Debit Card,2
ORD000348,2024-01-03,ITM0281,OUT0978,1,158.69,5,150.76,10,UPI,4
ORD000349,2024-07-29,ITM0366,OUT0428,4,188.29,15,640.19,17,Credit/Debit Card,3
ORD000350,2024-06-15,ITM0874,OUT0244,2,775.21,0,1550.42,14,UPI,5
ORD000351,2024-09-28,ITM0548,OUT0698,1,29.79,5,28.3,17,UPI,4
ORD000352,2023-06-08,ITM0975,OUT0845,2,88.29,5,167.75,12,UPI,4
ORD000353,2023-07-10,ITM0993,OUT0910,2,314.38,15,534.45,9,Cash on Delivery,4
ORD000354,2024-11-10,ITM0024,OUT0080,1,166.83,20,173.5,12,UPI,4
ORD000355,2023-03-09,ITM0289,OUT0903,2,93.71,5,178.05,13,UPI,2
ORD000356,2024-06-01,ITM0365,OUT0608,1,408.9,0,408.9,14,Wallet,3
ORD000357,2024-04-28,ITM0393,OUT0090,2,377.56,20,604.1,17,Wallet,5
ORD000358,2024-01-17,ITM0637,OUT0996,1,116.45,15,98.98,15,UPI,4
ORD000359,2023-05-13,ITM0788,OUT0194,2,108.65,5,206.44,17,UPI,3
ORD000360,2024-04-19,ITM0217,OUT0320,2,34.77,10,62.59,19,Cash on Delivery,4
ORD000361,2023-11-13,ITM0689,OUT0032,1,284.79,5,351.72,16,UPI,2
ORD000362,2024-10-07,ITM0025,OUT0094,1,90.85,15,100.39,9,Credit/Debit Card,3
ORD000363,2023-01-26,ITM0542,OUT0131,1,260.57,0,260.57,12,UPI,5
ORD000364,2023-05-27,ITM0557,OUT0972,1,582.9,10,524.61,16,Credit/Debit Card,3
ORD000365,2024-11-18,ITM0730,OUT0201,1,236.24,15,261.05,10,UPI,3
ORD000366,2024-06-23,ITM0498,OUT0475,1,134.71,15,114.5,14,Credit/Debit Card,5
ORD000367,2024-08-19,ITM0852,OUT0609,5,448.65,20,1794.6,5,Wallet,4
ORD000368,2024-05-22,ITM0258,OUT0611,1,410.66,10,369.59,6,UPI,4
ORD000369,2023-03-30,ITM0588,OUT0027,2,283.76,5,539.14,10,UPI,3
ORD000370,2024-03-18,ITM0436,OUT0944,1,84.95,10,76.45,9,UPI,5
ORD000371,2023-07-18,ITM0452,OUT0366,1,80.88,5,76.84,5,Wallet,4
ORD000372,2024-06-17,ITM0471,OUT0917,2,128.77,0,257.54,9,UPI,3
ORD000373,2024-09-28,ITM0866,OUT0680,2,169.96,5,322.92,16,UPI,2
ORD000374,2024-10-24,ITM0163,OUT0301,1,196.49,10,229.89,10,Wallet,4
ORD000375,2024-12-04,ITM0998,OUT0489,2,178.88,15,304.1,9,UPI,4
ORD000376,2024-03-24,ITM0401,OUT0984,3,543.4,25,1222.65,9,Cash on Delivery,5
ORD000377,2023-12-15,ITM0660,OUT0465,1,438.68,10,394.81,11,UPI,2
ORD000378,2023-10-16,ITM0566,OUT0243,1,334.72,5,413.38,7,UPI,3
ORD000379,2023-08-13,ITM0353,OUT0030,3,537.48,10,1451.2,17,Credit/Debit Card,2
ORD000380,2023-01-08,ITM0946,OUT0379,1,641.69,0,641.69,14,Wallet,3
ORD000381,2024-12-06,ITM0993,OUT0785,1,314.38,25,235.78,5,Credit/Debit Card,5
ORD000382,2023-10-05,ITM0050,OUT0825,5,39.6,15,218.79,9,UPI,4
ORD000383,2024-04-13,ITM0793,OUT0598,4,49.52,0,198.08,15,Credit/Debit Card,5
ORD000384,2023-03-22,ITM0788,OUT0963,1,108.65,5,103.22,11,Credit/Debit Card,5
ORD000385,2023-12-16,ITM0471,OUT0362,2,128.77,15,218.91,19,Credit/Debit Card,3
ORD000386,2024-10-18,ITM0778,OUT0825,1,156.55,10,183.16,11,UPI,4
ORD000387,2023-10-23,ITM0985,OUT0114,3,86.02,20,268.38,9,UPI,3
ORD000388,2024-06-20,ITM0853,OUT0909,4,39.64,0,158.56,10,Credit/Debit Card,4
ORD000389,2024-05-29,ITM0601,OUT0047,4,50.6,0,202.4,14,Wallet,5
ORD000390,2023-06-17,ITM0992,OUT0477,1,182.67,5,173.54,15,Credit/Debit Card,5
ORD000391,2024-12-02,ITM0405,OUT0080,1,62.31,20,49.85,8,UPI,3
ORD000392,2024-01-24,ITM0393,OUT0102,4,377.56,10,1359.22,8,UPI,3
ORD000393,2023-03-19,ITM0245,OUT0571,1,524.72,5,498.48,6,UPI,3
ORD000394,2024-11-05,ITM0643,OUT0226,2,51.29,0,133.35,16,Wallet,4
ORD000395,2023-11-04,ITM0887,OUT0335,3,357.59,0,1394.6,8,UPI,4
ORD000396,2023-08-30,ITM0679,OUT0471,2,316.69,10,570.04,14,Credit/Debit Card,3
ORD000397,2023-02-04,ITM0624,OUT0049,1,161.27,10,145.14,15,UPI,2
ORD000398,2024-08-10,ITM0549,OUT0579,1,194.88,0,194.88,13,UPI,4
ORD000399,2024-06-06,ITM0631,OUT0578,1,334.45,15,284.28,6,Cash on Delivery,4
ORD000400,2023-11-10,ITM0507,OUT0345,3,137.37,10,482.17,14,Credit/Debit Card,2
ORD000401,2024-02-21,ITM0606,OUT0070,1,173.38,5,164.71,11,Cash on Delivery,4
ORD000402,2023-01-26,ITM0263,OUT0704,3,669.56,15,1707.38,11,UPI,4
ORD000403,2023-03-14,ITM0698,OUT0970,2,170.03,0,340.06,15,UPI,4
ORD000404,2023-04-05,ITM0173,OUT0465,1,406.3,5,385.99,14,UPI,3
ORD000405,2024-09-26,ITM0887,OUT0818,1,357.59,0,357.59,10,Credit/Debit Card,5
ORD000406,2023-04-02,ITM0212,OUT0742,2,213.48,10,384.26,20,Credit/Debit Card,3
ORD000407,2023-05-17,ITM0665,OUT0663,2,347.03,5,659.36,8,UPI,2
ORD000408,2024-06-06,ITM0127,OUT0704,2,56.9,5,108.11,17,Wallet,5
ORD000409,2023-12-29,ITM0861,OUT0562,1,274.88,15,233.65,9,UPI,5
ORD000410,2023-12-17,ITM0035,OUT0570,1,103.47,10,93.12,12,UPI,4
ORD000411,2023-06-30,ITM0689,OUT0833,2,284.79,0,569.58,5,Cash on Delivery,5
ORD000412,2023-05-21,ITM0556,OUT0277,3,172.82,10,466.61,10,Wallet,4
ORD000413,2024-01-18,ITM0706,OUT0297,3,673.62,0,2020.86,12,UPI,4
ORD000414,2023-10-03,ITM0348,OUT0943,1,191.89,15,212.04,13,UPI,4
ORD000415,2024-03-08,ITM0205,OUT0178,2,25.82,25,38.73,10,UPI,3
ORD000416,2023-05-17,ITM0158,OUT0976,1,184.31,0,184.31,8,UPI,4
ORD000417,2024-02-25,ITM0671,OUT0097,1,347.59,0,347.59,7,UPI,3
ORD000418,2024-10-11,ITM0755,OUT0320,3,376.82,25,1102.2,5,Credit/Debit Card,2
ORD000419,2024-03-16,ITM0749,OUT0249,2,275.29,10,495.52,10,UPI,4
ORD000420,2023-11-10,ITM0947,OUT0887,2,63.69,0,165.59,10,upi,3
ORD000421,2024-07-15,ITM0977,OUT0212,2,51.45,10,92.61,10,Credit/Debit Card,3
ORD000422,2024-09-21,ITM0626,OUT0572,1,53.52,15,45.49,7,UPI,3
ORD000423,2023-04-08,ITM0251,OUT0808,1,144.06,20,115.25,13,UPI,3
ORD000424,2024-11-03,ITM0138,OUT0919,2,140.24,0,364.62,13,Credit/Debit Card,3
ORD000425,2023-03-17,ITM0509,OUT0083,3,389.19,0,1167.57,13,Wallet,4
ORD000426,2023-08-09,ITM0494,OUT0920,1,197.77,20,158.22,5,UPI,3
ORD000427,2023-05-01,ITM0987,OUT0955,1,28.08,10,25.27,5,Credit/Debit Card,4
ORD000428,2024-10-17,ITM0699,OUT0525,1,61.55,20,64.01,5,UPI,4
ORD000429,2024-04-18,ITM0147,OUT0020,1,125.8,10,113.22,10,Credit/Debit Card,3
ORD000430,2023-06-05,ITM0141,OUT0058,2,269.1,10,484.38,8,Cash on Delivery,5
ORD000431,2023-08-23,ITM0076,OUT0632,1,47.65,10,42.88,9,UPI,3
ORD000432,2023-03-07,ITM0556,OUT0145,2,172.82,0,345.64,8,UPI,
ORD000433,2024-12-02,ITM0225,OUT0824,3,171.27,20,411.05,13,Cash on Delivery,
ORD000434,2024-12-30,ITM0137,OUT0725,1,217.54,20,174.03,10,UPI,5
ORD000435,2023-06-17,ITM0182,OUT0344,3,40.91,10,110.46,14,Credit/Debit Card,5
ORD000436,2024-12-18,ITM0393,OUT0182,4,377.56,10,1359.22,9,UPI,5
ORD000437,2024-04-18,ITM0944,OUT0697,2,209.01,0,418.02,7,UPI,3
ORD000438,2024-05-21,ITM0072,OUT0596,3,208.88,0,626.64,13,Credit/Debit Card,3
ORD000439,2024-06-30,ITM0785,OUT0703,1,185.46,5,176.19,9,Cash on Delivery,4
ORD000440,2024-07-01,ITM0969,OUT0230,1,246.88,10,222.19,10,UPI,4
ORD000441,2024-08-28,ITM0725,OUT0146,4,63.1,0,252.4,6,UPI,5
ORD000442,2023-01-22,ITM0501,OUT0199,2,270.82,15,460.39,10,Credit/Debit Card,3
ORD000443,2023-01-16,ITM0857,OUT0820,1,168.86,0,168.86,7,UPI,3
ORD000444,2023-09-20,ITM0760,OUT0260,3,190.76,0,572.28,5,Wallet,5
ORD000445,2023-10-04,ITM0924,OUT0873,1,579.03,25,564.55,7,UPI,4
ORD000446,2024-02-11,ITM0110,OUT0591,3,334.14,5,952.3,12,UPI,4
ORD000447,2024-11-14,ITM0958,OUT0288,1,589.04,0,765.75,17,UPI,3
ORD000448,2023-01-06,ITM0153,OUT0448,1,396.2,15,336.77,13,UPI,3
ORD000449,2024-09-12,ITM0465,OUT0424,1,212.34,0,212.34,9,Wallet,5
ORD000450,2023-01-05,ITM0280,OUT0305,1,132.09,15,112.28,9,Credit/Debit Card,4
ORD000451,2024-02-27,ITM0814,OUT0403,4,165.5,15,562.7,10,UPI,2
ORD000452,2024-04-11,ITM0087,OUT0846,1,63.91,15,54.32,15,UPI,3
ORD000453,2023-08-14,ITM0606,OUT0805,1,173.38,0,173.38,14,UPI,4
ORD000454,2023-05-15,ITM0377,OUT0995,1,580.63,0,580.63,17,UPI,4
ORD000455,2023-09-03,ITM0623,OUT0660,2,311.24,5,591.36,12,Cash on Delivery,3
ORD000456,2023-01-28,ITM0793,OUT0665,4,49.52,15,168.37,13,Wallet,3
ORD000458,2024-01-06,ITM0883,OUT0039,3,99.83,0,299.49,10,UPI,3
ORD000459,2024-12-03,ITM0652,OUT0695,1,97.61,5,92.73,5,UPI,3
ORD000460,2023-12-01,ITM0778,OUT0108,1,156.55,10,140.9,9,UPI,4
ORD000461,2024-07-06,ITM0517,OUT0661,1,66.82,10,60.14,13,UPI,5
ORD000462,2023-10-11,ITM0217,OUT0905,1,34.77,0,45.2,13,UPI,4
ORD000463,2023-06-05,ITM0609,OUT0017,1,349.9,0,349.9,13,Credit/Debit Card,4
ORD000464,2023-05-10,ITM0689,OUT0732,1,284.79,20,227.83,14,UPI,3
ORD000465,2023-08-27,ITM0768,OUT0309,1,86.31,10,77.68,16,UPI,3
ORD000466,2023-05-26,ITM0027,OUT0006,1,52.21,20,41.77,17,UPI,3
ORD000467,2024-05-24,ITM0449,OUT0384,1,205.93,20,164.74,11,UPI,5
ORD000468,2024-05-20,ITM0710,OUT0713,3,63.82,0,191.46,5,Wallet,4
ORD000469,2024-01-09,ITM0966,OUT0595,1,390.11,0,390.11,11,Credit/Debit Card,3
ORD000470,2024-12-20,ITM0835,OUT0388,1,144.28,0,144.28,10,UPI,5
ORD000471,2024-07-04,ITM0159,OUT0107,1,44.11,10,39.7,17,UPI,4
ORD000472,2023-03-20,ITM0154,OUT0502,1,793.23,20,634.58,6,UPI,4
ORD000473,2023-08-15,ITM0787,OUT0166,4,254.48,0,1017.92,13,UPI,4
ORD000474,2024-06-06,ITM0203,OUT0355,3,118.65,20,284.76,13,UPI,5
ORD000475,2024-05-21,ITM0123,OUT0645,1,15.62,0,15.62,20,Cash on Delivery,2
ORD000476,2024-07-16,ITM0040,OUT0917,2,107.6,10,193.68,11,UPI,4
ORD000477,2024-11-13,ITM0826,OUT0655,3,571.9,10,2007.37,13,UPI,5
ORD000478,2024-03-10,ITM0713,OUT0502,2,390.65,15,664.1,11,UPI,4
ORD000479,2024-09-04,ITM0859,OUT0108,2,157.71,20,252.34,11,UPI,5
ORD000480,2023-10-15,ITM0565,OUT0412,1,69.61,20,72.39,18,Credit/Debit Card,4
ORD000481,2024-06-08,ITM0041,OUT0096,5,360.17,10,1620.77,12,UPI,5
ORD000482,2024-07-02,ITM0076,OUT0682,2,47.65,0,95.3,10,UPI,4
ORD000483,2023-01-08,ITM0273,OUT0767,3,218.71,20,524.9,7,Credit/Debit Card,4
ORD000484,2023-10-20,ITM0309,OUT0036,3,151.26,0,589.91,10,UPI,4
ORD000485,2024-02-26,ITM0995,OUT0815,2,125.4,10,225.72,8,UPI,2
ORD000486,2023-02-19,ITM0447,OUT0334,2,54.01,5,102.62,14,UPI,3
ORD000487,2024-02-18,ITM0011,OUT0372,2,443.86,0,887.72,12,UPI,5
ORD000488,2024-10-03,ITM0985,OUT0335,2,86.02,0,223.65,14,UPI,2
ORD000489,2024-08-01,ITM0126,OUT0278,1,158.3,25,118.73,13,Wallet,4
ORD000490,2024-03-27,ITM0833,OUT0815,1,576.31,5,547.49,13,UPI,5
ORD000491,2023-12-25,ITM0141,OUT0354,1,269.1,5,255.65,9,UPI,2
ORD000492,2023-01-25,ITM0721,OUT0713,1,67.42,0,67.42,13,UPI,4
ORD000493,2023-06-14,ITM0980,OUT0181,1,242.36,15,206.01,10,UPI,4
ORD000494,2023-09-13,ITM0936,OUT0104,2,400.65,15,681.1,11,UPI,5
ORD000495,2024-11-16,ITM0285,OUT0310,5,161.7,0,1051.05,13,UPI,4
ORD000496,2024-09-04,ITM0880,OUT0650,2,133.84,15,227.53,5,Wallet,4
ORD000497,2024-01-27,ITM0942,OUT0899,2,196.68,10,354.02,17,UPI,4
ORD000498,2023-09-06,ITM0624,OUT0659,1,161.27,5,153.21,11,Wallet,4
ORD000499,2023-01-27,ITM0706,OUT0002,1,673.62,10,606.26,9,UPI,3
ORD000500,2024-04-26,ITM0014,OUT0386,3,118.71,25,267.1,10,Cash on Delivery,3
ORD000501,2023-11-28,ITM0071,OUT0574,4,400.52,5,1978.57,9,UPI,
ORD000502,2024-04-15,ITM0525,OUT0909,1,150.41,15,127.85,9,Credit/Debit Card,2
ORD000503,2024-02-17,ITM0176,OUT0720,3,132.63,10,358.1,9,Wallet,4
ORD000504,2023-04-05,ITM0656,OUT0810,2,35.4,15,60.18,9,Credit/Debit Card,2
ORD000505,2024-07-29,ITM0104,OUT0150,2,198.09,20,316.94,11,Wallet,4
ORD000506,2024-12-01,ITM0140,OUT0231,5,201.11,15,854.72,9,Credit/Debit Card,3
ORD000507,2023-03-11,ITM0285,OUT0325,4,161.7,20,517.44,9,UPI,2
ORD000508,2024-08-18,ITM0327,OUT0862,1,17.39,5,16.52,13,UPI,4
ORD000509,2023-11-20,ITM0313,OUT0075,1,27.15,0,35.3,11,UPI,4
ORD000510,2023-08-01,ITM0012,OUT0951,1,307.32,5,291.95,10,UPI,5
ORD000511,2024-04-11,ITM0845,OUT0557,1,500.25,15,425.21,10,UPI,3
ORD000512,2023-10-07,ITM0826,OUT0320,1,571.9,10,669.12,11,UPI,4
ORD000513,2023-10-31,ITM0418,OUT0677,2,440.4,20,916.03,8,UPI,5
ORD000514,2023-03-08,ITM0341,OUT0489,3,376.87,5,1074.08,14,Credit/Debit Card,4
ORD000515,2023-09-17,ITM0376,OUT0539,1,159.48,25,119.61,12,Wallet,4
ORD000516,2023-04-20,ITM0147,OUT0504,1,125.8,20,100.64,5,Credit/Debit Card,4
ORD000517,2023-10-25,ITM0089,OUT0733,1,245.81,10,287.6,5,UPI,3
ORD000518,2023-07-25,ITM0050,OUT0046,1,39.6,10,35.64,15,UPI,2
ORD000519,2023-03-24,ITM0949,OUT0120,1,85.03,5,80.78,11,UPI,4
ORD000520,2023-11-10,ITM0683,OUT0629,3,489.04,10,1716.53,9,UPI,4
ORD000521,2024-04-11,ITM0702,OUT0570,2,376.29,0,752.58,10,UPI,3
ORD000522,2023-12-27,ITM0418,OUT0003,2,440.4,15,748.68,15,upi,3
ORD000523,2023-07-14,ITM0060,OUT0701,3,441.02,15,1124.6,13,Credit/Debit Card,5
ORD000524,2023-11-23,ITM0725,OUT0738,1,63.1,0,82.03,17,Cash on Delivery,4
ORD000525,2023-11-06,ITM0335,OUT0272,3,182.55,0,711.95,6,UPI,5
ORD000526,2024-06-02,ITM0402,OUT0297,1,232.56,0,232.56,7,Cash on Delivery,2
ORD000527,2024-12-16,ITM0048,OUT0387,1,244.91,20,195.93,7,Wallet,3
ORD000528,2024-10-18,ITM0316,OUT0693,1,162.33,20,168.82,12,Wallet,4
ORD000529,2024-02-23,ITM0837,OUT0968,1,85.27,0,85.27,8,UPI,4
ORD000530,2023-06-19,ITM0292,OUT0791,1,111.61,10,100.45,5,UPI,3
ORD000531,2023-11-18,ITM0188,OUT0134,3,98.64,5,365.46,16,Credit/Debit Card,5
ORD000533,2023-07-28,ITM0500,OUT0126,1,210.27,15,178.73,7,UPI,3
ORD000534,2023-11-11,ITM0666,OUT0740,1,250.26,10,292.8,5,Credit/Debit Card,4
ORD000535,2024-11-05,ITM0550,OUT0871,2,240.94,10,563.8,20,UPI,4
ORD000536,2023-02-12,ITM0027,OUT0490,2,52.21,25,78.31,20,UPI,5
ORD000537,2023-04-09,ITM0509,OUT0975,1,389.19,15,330.81,14,Credit/Debit Card,3
ORD000538,2023-09-13,ITM0219,OUT0003,1,10.66,0,10.66,5,UPI,4
ORD000539,2023-02-12,ITM0846,OUT0555,1,275.2,0,275.2,12,Wallet,5
ORD000540,2023-01-28,ITM0311,OUT0719,3,175.9,25,395.78,15,UPI,2
ORD000541,2024-12-10,ITM0838,OUT0544,2,324.32,5,616.21,6,UPI,4
ORD000542,2023-07-09,ITM0561,OUT0743,2,374.33,10,673.79,22,Credit/Debit Card,4
ORD000543,2024-10-17,ITM0710,OUT0823,2,63.82,0,165.93,14,UPI,2
ORD000544,2024-10-16,ITM0793,OUT0435,2,49.52,25,96.56,13,UPI,4
ORD000545,2023-02-09,ITM0245,OUT0727,3,524.72,10,1416.74,10,UPI,4
ORD000546,2023-12-01,ITM0682,OUT0614,1,476.21,15,404.78,11,Credit/Debit Card,3
ORD000547,2024-09-17,ITM0602,OUT0143,1,90.69,10,81.62,15,Credit/Debit Card,4
ORD000548,2024-05-08,ITM0647,OUT0441,1,284.31,5,270.09,10,Wallet,
ORD000549,2024-11-17,ITM0153,OUT0507,2,396.2,0,1030.12,10,UPI,3
ORD000550,2024-07-05,ITM0507,OUT0024,1,137.37,10,123.63,9,UPI,3
ORD000551,2024-05-05,ITM0084,OUT0017,3,549.38,0,1648.14,8,UPI,3
ORD000552,2024-12-12,ITM0617,OUT0487,1,119.58,15,101.64,14,UPI,3
ORD000553,2024-08-24,ITM0627,OUT0280,2,54.06,0,108.12,15,Wallet,3
ORD000554,2024-11-23,ITM0422,OUT0302,1,235.66,25,229.77,9,UPI,5
ORD000555,2024-05-24,ITM0848,OUT0085,1,156.64,0,156.64,17,Cash on Delivery,4
ORD000556,2023-08-01,ITM0198,OUT0370,3,169.75,10,458.32,12,Credit/Debit Card,3
ORD000557,2024-11-11,ITM0974,OUT0662,1,270.88,15,299.32,11,upi,3
ORD000558,2024-11-21,ITM0200,OUT0469,1,202.15,0,262.8,5,Cash on Delivery,4
ORD000559,2023-07-20,ITM0398,OUT0067,2,55.64,5,105.72,7,Wallet,4
ORD000560,2023-07-11,ITM0052,OUT0796,2,113.39,0,226.78,10,UPI,4
ORD000561,2023-07-26,ITM0994,OUT0636,1,480.35,5,456.33,13,Wallet,3
ORD000562,2024-07-25,ITM0869,OUT0342,2,228.99,10,412.18,10,UPI,5
ORD000563,2024-10-27,ITM0172,OUT0617,3,40.54,15,134.39,8,UPI,4
ORD000564,2024-01-26,ITM0783,OUT0549,3,121.93,0,365.79,9,UPI,3
ORD000565,2024-05-25,ITM0062,OUT0653,2,65.22,25,97.83,11,UPI,1
ORD000566,2023-08-14,ITM0897,OUT0433,5,64.06,10,288.27,16,Credit/Debit Card,4
ORD000567,2024-11-19,ITM0066,OUT0342,3,436.49,0,1702.31,14,Cash on Delivery,5
ORD000568,2023-02-21,ITM0519,OUT0958,4,10.08,5,38.3,7,UPI,4
ORD000569,2024-08-20,ITM0843,OUT0587,1,19.29,10,17.36,14,UPI,3
ORD000570,2023-06-07,ITM0929,OUT0032,3,90.5,20,217.2,9,Cash on Delivery,5
ORD000572,2024-09-05,ITM0175,OUT0831,1,78.4,20,62.72,,UPI,4
ORD000573,2023-10-14,ITM0401,OUT0818,2,543.4,15,1200.91,17,UPI,4
ORD000574,2023-06-13,ITM0777,OUT0414,2,128.85,5,244.81,14,Credit/Debit Card,3
ORD000575,2023-04-05,ITM0973,OUT0138,2,107.29,0,214.58,9,UPI,5
ORD000576,2023-10-06,ITM0803,OUT0455,1,411.27,5,507.92,8,Credit/Debit Card,4
ORD000577,2023-11-08,ITM0761,OUT0876,3,592.69,5,2195.92,17,Wallet,2
ORD000578,2024-07-26,ITM0950,OUT0768,1,215.17,0,215.17,11,Credit/Debit Card,4
ORD000579,2023-02-03,ITM0379,OUT0300,2,71.34,25,107.01,8,UPI,5
ORD000580,2024-03-10,ITM0908,OUT0579,2,53.68,10,96.62,7,Wallet,3
ORD000581,2024-03-27,ITM0608,OUT0165,1,27.86,25,20.89,11,UPI,4
ORD000582,2024-05-06,ITM0969,OUT0896,2,246.88,5,469.07,13,Cash on Delivery,3
ORD000583,2024-03-06,ITM0978,OUT0636,1,52.69,5,50.06,6,UPI,4
ORD000584,2024-01-10,ITM0725,OUT0445,3,63.1,0,189.3,15,Credit/Debit Card,4
ORD000585,2023-04-09,ITM0760,OUT0456,2,190.76,0,381.52,7,Cash on Delivery,2
ORD000586,2023-11-08,ITM0224,OUT0624,1,115.23,0,149.8,6,UPI,5
ORD000587,2024-05-09,ITM0796,OUT0290,3,127.41,20,305.78,15,Cash on Delivery,5
ORD000588,2024-03-18,ITM0098,OUT0428,2,283.41,15,481.8,7,Credit/Debit Card,3
ORD000589,2024-02-15,ITM0531,OUT0827,4,88.51,5,336.34,5,UPI,3
ORD000590,2023-03-01,ITM0777,OUT0113,2,128.85,10,231.93,10,Cash on Delivery,3
ORD000591,2024-07-26,ITM0408,OUT0142,2,112.93,0,225.86,11,Credit/Debit Card,5
ORD000592,2024-03-08,ITM0646,OUT0679,3,721.62,5,2056.62,21,Credit/Debit Card,4
ORD000593,2024-05-21,ITM0296,OUT0508,3,65.5,0,196.5,13,UPI,5
ORD000594,2024-06-03,ITM0035,OUT0169,5,103.47,25,388.01,8,Cash on Delivery,5
ORD000595,2023-04-01,ITM0897,OUT0520,1,64.06,15,54.45,20,UPI,4
ORD000596,2023-10-18,ITM0362,OUT0389,3,141.57,5,524.52,6,UPI,4
ORD000597,2024-01-10,ITM0819,OUT0772,2,68.81,5,130.74,5,UPI,4
ORD000598,2023-02-01,ITM0313,OUT0262,2,27.15,0,54.3,11,Cash on Delivery,5
ORD000599,2024-06-10,ITM0485,OUT0932,4,228.64,0,914.56,7,Cash on Delivery,3
ORD000600,2023-02-02,ITM0636,OUT0292,1,357.63,5,339.75,,UPI,5
ORD000601,2023-11-23,ITM0303,OUT0422,2,95.43,0,248.12,5,UPI,4
ORD000602,2023-10-17,ITM0745,OUT0486,2,63.76,10,149.2,11,Credit/Debit Card,5
ORD000603,2023-02-20,ITM0138,OUT0031,1,140.24,20,112.19,5,Wallet,4
ORD000604,2023-04-16,ITM0147,OUT0560,1,125.8,5,119.51,9,UPI,3
ORD000605,2024-08-10,ITM0250,OUT0595,1,427.35,10,384.62,17,UPI,4
ORD000606,2024-02-13,ITM0230,OUT0937,1,347.75,10,312.98,8,UPI,5
ORD000607,2024-04-03,ITM0072,OUT0745,3,208.88,0,626.64,17,UPI,3
ORD000608,2023-05-09,ITM0184,OUT0429,1,92.24,10,83.02,5,Credit/Debit Card,3
ORD000609,2024-11-12,ITM0434,OUT0760,1,181.37,5,223.99,14,UPI,3
ORD000610,2024-11-22,ITM0346,OUT0714,1,552.4,15,610.4,9,UPI,4
ORD000611,2024-07-19,ITM0806,OUT0213,4,289.89,15,985.63,,UPI,4
ORD000612,2023-06-21,ITM0453,OUT0419,2,287.2,15,488.24,11,Credit/Debit Card,4
ORD000613,2023-03-20,ITM0687,OUT0676,2,110.57,5,210.08,10,UPI,4
ORD000614,2023-10-21,ITM0546,OUT0264,1,360.66,0,468.86,,UPI,3
ORD000615,2024-10-19,ITM0148,OUT0819,1,47.65,25,46.46,17,UPI,3
ORD000616,2023-05-26,ITM0336,OUT0780,1,151.35,20,121.08,11,Wallet,5
ORD000617,2024-10-10,ITM0230,OUT0521,3,347.75,5,1288.41,8,UPI,3
ORD000618,2024-06-26,ITM0871,OUT0464,2,282.08,25,423.12,7,UPI,4
ORD000619,2024-11-23,ITM0105,OUT0162,1,316.89,5,391.36,7,UPI,2
ORD000620,2024-06-23,ITM0678,OUT0024,3,272.1,20,653.04,16,Credit/Debit Card,5
ORD000621,2024-11-27,ITM0653,OUT0934,5,84.1,5,519.32,5,UPI,3
ORD000622,2023-06-30,ITM0528,OUT0652,3,354.84,5,1011.29,8,Credit/Debit Card,3
ORD000623,2024-03-31,ITM0920,OUT0899,1,43.33,0,43.33,15,UPI,5
ORD000624,2024-09-30,ITM0390,OUT0124,3,221.61,10,598.35,11,Credit/Debit Card,4
ORD000625,2023-07-14,ITM0930,OUT0475,2,281.61,20,450.58,8,Cash on Delivery,
ORD000626,2023-12-25,ITM0463,OUT0210,1,116.22,20,92.98,13,Wallet,4
ORD000627,2024-09-28,ITM0971,OUT0948,2,310.43,5,589.82,17,UPI,5
ORD000628,2024-10-23,ITM0964,OUT0691,2,112.01,0,291.23,11,Credit/Debit Card,3
ORD000629,2023-10-22,ITM0405,OUT0550,4,62.31,20,259.21,15,UPI,3
ORD000630,2024-05-31,ITM0452,OUT0219,2,80.88,10,145.58,7,UPI,3
ORD000631,2024-06-09,ITM0140,OUT0714,1,201.11,0,201.11,5,Credit/Debit Card,4
ORD000632,2024-07-24,ITM0716,OUT0562,1,240.36,15,204.31,5,Cash on Delivery,3
ORD000633,2023-01-01,ITM0544,OUT0911,3,28.27,0,84.81,14,Credit/Debit Card,3
ORD000634,2023-09-03,ITM0120,OUT0808,2,106.86,5,203.03,13,Wallet,3
ORD000635,2024-07-16,ITM0671,OUT0286,5,347.59,10,1564.15,11,UPI,
ORD000636,2024-09-12,ITM0687,OUT0430,4,110.57,25,331.71,12,Credit/Debit Card,5
ORD000637,2024-01-17,ITM0021,OUT0826,2,348.69,20,557.9,10,Wallet,4
ORD000638,2024-09-17,ITM0531,OUT0865,4,88.51,10,318.64,6,Cash on Delivery,
ORD000639,2023-12-15,ITM0965,OUT0327,3,387.22,0,1161.66,18,Wallet,4
ORD000640,2024-05-01,ITM0449,OUT0369,1,205.93,0,205.93,18,UPI,3
ORD000641,2023-10-22,ITM0318,OUT0739,1,219.4,0,285.22,11,UPI,3
ORD000642,2023-07-13,ITM0577,OUT0229,1,97.69,0,97.69,7,UPI,4
ORD000643,2023-07-30,ITM0418,OUT0385,5,440.4,0,2202,9,Wallet,3
ORD000644,2023-11-07,ITM0316,OUT0083,2,162.33,0,422.06,10,Credit/Debit Card,4
ORD000645,2024-05-28,ITM0194,OUT0711,1,136.57,25,102.43,8,Wallet,3
ORD000646,2023-11-22,ITM0590,OUT0552,1,138.38,10,161.9,8,UPI,4
ORD000647,2024-05-24,ITM0673,OUT0157,1,39.94,20,31.95,7,Credit/Debit Card,3
ORD000648,2024-10-25,ITM0868,OUT0172,3,166.84,5,618.14,15,UPI,5
ORD000649,2024-06-22,ITM0520,OUT0108,1,25.79,10,23.21,16,UPI,3
ORD000650,2024-12-07,ITM0669,OUT0903,2,196.5,10,353.7,22,UPI,3
ORD000651,2023-04-22,ITM0355,OUT0222,1,304.24,15,258.6,8,UPI,4
ORD000652,2023-06-22,ITM0975,OUT0781,4,88.29,20,282.53,12,UPI,3
ORD000653,2024-07-17,ITM0327,OUT0290,3,17.39,0,52.17,10,UPI,3
ORD000654,2024-06-11,ITM0049,OUT0110,2,69.08,0,138.16,11,cash on delivery,5
ORD000655,2024-08-21,ITM0201,OUT0036,4,398.15,20,1274.08,7,UPI,4
ORD000656,2023-05-14,ITM0720,OUT0247,4,246.23,15,837.18,18,Wallet,4
ORD000657,2023-04-13,ITM0728,OUT0789,1,180.25,15,153.21,13,Credit/Debit Card,5
ORD000658,2023-09-03,ITM0509,OUT0424,3,389.19,20,934.06,16,UPI,4
ORD000659,2023-12-20,ITM0620,OUT0867,1,157.51,5,149.63,9,UPI,4
ORD000660,2024-02-20,ITM0354,OUT0407,1,96.13,10,86.52,5,Credit/Debit Card,4
ORD000661,2023-02-10,ITM0017,OUT0174,1,118.29,0,118.29,5,Credit/Debit Card,5
ORD000662,2024-10-09,ITM0179,OUT0119,1,62.16,10,72.73,10,UPI,2
ORD000663,2023-07-03,ITM0617,OUT0774,1,119.58,0,119.58,8,Wallet,5
ORD000664,2024-11-29,ITM0377,OUT0523,3,580.63,5,2151.23,10,UPI,3
ORD000665,2023-04-17,ITM0097,OUT0246,1,115.68,15,98.33,8,UPI,5
ORD000666,2023-08-17,ITM0994,OUT0056,3,480.35,15,1224.89,15,Cash on Delivery,5
ORD000667,2024-06-17,ITM0740,OUT0136,3,227.49,0,682.47,10,Cash on Delivery,4
ORD000668,2023-04-22,ITM0464,OUT0236,2,42.49,0,84.98,15,Cash on Delivery,3
ORD000669,2023-08-29,ITM0241,OUT0199,2,35.95,0,71.9,13,UPI,5
ORD000670,2023-02-10,ITM0270,OUT0562,4,426.01,10,1533.64,12,UPI,4
ORD000671,2024-09-18,ITM0562,OUT0685,1,791.12,0,791.12,12,Wallet,4
ORD000672,2023-02-05,ITM0204,OUT0063,1,346.62,0,346.62,14,UPI,4
ORD000673,2024-07-05,ITM0092,OUT0605,2,215.17,0,430.34,18,Wallet,4
ORD000674,2024-07-31,ITM0932,OUT0434,1,26.09,15,22.18,7,Credit/Debit Card,4
ORD000675,2024-12-20,ITM0490,OUT0851,3,280.33,20,672.79,6,UPI,4
ORD000676,2023-11-21,ITM0988,OUT0961,3,156.49,15,518.76,8,Wallet,4
ORD000677,2024-02-24,ITM0011,OUT0226,1,443.86,10,399.47,11,UPI,4
ORD000678,2024-11-13,ITM0223,OUT0347,1,287.76,10,336.68,5,UPI,4
ORD000679,2024-10-13,ITM0512,OUT0861,1,121.42,5,149.95,15,Cash on Delivery,3
ORD000680,2024-10-25,ITM0962,OUT0608,5,289.07,5,1785.01,9,UPI,5
ORD000681,2023-03-28,ITM0245,OUT0479,2,524.72,0,1049.44,15,UPI,4
ORD000682,2023-07-05,ITM0196,OUT0699,2,62.32,15,105.94,8,Wallet,3
ORD000683,2023-03-08,ITM0054,OUT0417,1,154.98,0,154.98,5,UPI,3
ORD000684,2023-12-18,ITM0923,OUT0200,1,694.17,15,590.04,14,UPI,4
ORD000685,2023-12-11,ITM0628,OUT0926,1,94.91,15,80.67,10,UPI,4
ORD000686,2024-06-20,ITM0435,OUT0129,5,72.75,0,363.75,8,UPI,4
ORD000687,2023-04-09,ITM0598,OUT0285,2,285.2,0,570.4,15,UPI,4
ORD000688,2024-07-26,ITM0252,OUT0139,3,256.53,0,769.59,12,UPI,3
ORD000689,2024-07-10,ITM0703,OUT0427,4,74.35,10,267.66,17,UPI,3
ORD000690,2023-09-29,ITM0978,OUT0788,2,52.69,0,105.38,12,UPI,5
ORD000691,2023-10-22,ITM0676,OUT0371,2,84.66,0,220.12,12,Cash on Delivery,3
ORD000692,2023-05-14,ITM0556,OUT0947,3,172.82,15,440.69,14,Wallet,3
ORD000693,2024-12-22,ITM0722,OUT0107,2,250.15,0,500.3,10,Cash on Delivery,5
ORD000694,2024-11-11,ITM0159,OUT0075,4,44.11,0,229.37,9,Cash on Delivery,5
ORD000695,2023-07-04,ITM0515,OUT0540,1,489.93,0,489.93,11,UPI,4
ORD000696,2023-02-12,ITM0274,OUT0264,1,488.09,0,488.09,12,UPI,4
ORD000697,2023-11-10,ITM0691,OUT0543,3,217.19,25,635.28,5,Credit/Debit Card,3
ORD000698,2023-09-16,ITM0022,OUT0222,1,305.52,20,244.42,13,UPI,3
ORD000699,2024-09-29,ITM0653,OUT0287,4,84.1,15,285.94,12,Cash on Delivery,3
ORD000700,2023-08-16,ITM0758,OUT0397,1,74.88,0,74.88,14,UPI,5
ORD000701,2024-07-06,ITM0153,OUT0858,3,396.2,15,1010.31,7,UPI,5
ORD000702,2024-11-11,ITM0699,OUT0277,2,61.55,25,120.02,5,Credit/Debit Card,2
ORD000703,2024-10-13,ITM0105,OUT0028,1,316.89,0,411.96,7,UPI,3
ORD000704,2023-12-11,ITM0989,OUT0533,1,359.49,10,323.54,8,Credit/Debit Card,3
ORD000705,2024-08-08,ITM0886,OUT0299,2,690.14,0,1380.28,9,Wallet,3
ORD000706,2024-11-06,ITM0585,OUT0123,1,350.84,5,433.29,9,UPI,5
ORD000707,2024-02-11,ITM0570,OUT0403,1,62.82,20,50.26,12,Cash on Delivery,4
ORD000708,2024-09-05,ITM0076,OUT0724,3,47.65,10,128.66,10,Credit/Debit Card,4
ORD000709,2023-02-08,ITM0106,OUT0240,2,320.11,0,640.22,13,Cash on Delivery,5
ORD000710,2024-04-21,ITM0050,OUT0427,3,39.6,5,112.86,17,UPI,4
ORD000711,2023-10-20,ITM0277,OUT0652,1,34.66,20,36.05,10,Credit/Debit Card,3
ORD000713,2023-03-26,ITM0442,OUT0189,1,736.03,5,699.23,8,UPI,5
ORD000714,2024-07-02,ITM0594,OUT0832,5,372.78,5,1770.7,12,UPI,4
ORD000715,2024-05-14,ITM0335,OUT0218,2,182.55,10,328.59,8,UPI,4
ORD000716,2024-09-28,ITM0383,OUT0868,5,790.67,15,3360.35,23,UPI,2
ORD000717,2024-07-28,ITM0423,OUT0235,4,129.87,10,467.53,12,UPI,3
ORD000718,2023-09-07,ITM0477,OUT0716,1,226.85,15,192.82,11,Wallet,4
ORD000719,2024-04-10,ITM0191,OUT0102,2,547.84,5,1040.9,7,UPI,4
ORD000720,2023-07-25,ITM0523,OUT0230,3,111.51,20,267.62,9,UPI,4
ORD000721,2024-10-09,ITM0287,OUT0238,3,328.16,5,1215.83,6,Cash on Delivery,4
ORD000722,2023-05-21,ITM0302,OUT0209,5,247.76,5,1176.86,16,UPI,3
ORD000723,2023-06-04,ITM0229,OUT0141,2,119.14,10,214.45,11,Wallet,3
ORD000724,2023-07-27,ITM0971,OUT0728,1,310.43,5,294.91,5,UPI,3
ORD000725,2023-09-26,ITM0583,OUT0348,1,68.12,15,57.9,15,Credit/Debit Card,4
ORD000726,2023-06-07,ITM0563,OUT0213,2,325.57,5,618.58,9,Wallet,4
ORD000727,2024-10-11,ITM0773,OUT0416,1,141.65,5,174.94,12,Credit/Debit Card,3
ORD000728,2024-04-08,ITM0889,OUT0457,2,92.18,5,175.14,11,Cash on Delivery,4
ORD000729,2023-12-15,ITM0006,OUT0215,1,302.67,20,242.14,11,UPI,2
ORD000730,2024-11-23,ITM0452,OUT0870,5,80.88,15,446.86,6,UPI,3
ORD000731,2023-08-11,ITM0597,OUT0656,1,112.27,15,95.43,5,UPI,4
ORD000732,2024-01-18,ITM0846,OUT0733,2,275.2,15,467.84,5,Cash on Delivery,4
ORD000733,2024-07-26,ITM0207,OUT0504,1,17.13,5,16.27,10,UPI,4
ORD000734,2024-07-24,ITM0652,OUT0614,1,97.61,0,97.61,5,Wallet,5
ORD000735,2024-08-19,ITM0310,OUT0721,2,253.2,25,379.8,7,Credit/Debit Card,3
ORD000736,2023-06-26,ITM0308,OUT0049,1,124.98,5,118.73,13,UPI,3
ORD000737,2023-12-31,ITM0858,OUT0375,5,51.99,0,259.95,9,UPI,3
ORD000738,2023-05-22,ITM0714,OUT0580,1,411,25,308.25,9,Wallet,4
ORD000739,2024-12-25,ITM0290,OUT0153,1,123.31,15,104.81,22,Credit/Debit Card,5
ORD000740,2024-12-16,ITM0568,OUT0669,2,28.53,25,42.8,6,Credit/Debit Card,4
ORD000741,2024-06-16,ITM0430,OUT0474,1,470.57,0,470.57,11,Credit/Debit Card,4
ORD000742,2023-01-08,ITM0755,OUT0012,1,376.82,5,357.98,14,Credit/Debit Card,4
ORD000743,2023-12-23,ITM0227,OUT0026,1,804.32,5,764.1,17,UPI,3
ORD000744,2023-01-25,ITM0531,OUT0578,2,88.51,10,159.32,10,UPI,4
ORD000745,2023-03-02,ITM0773,OUT0188,3,141.65,10,382.46,9,Credit/Debit Card,4
ORD000746,2024-12-13,ITM0737,OUT0491,1,412.99,0,412.99,9,UPI,4
ORD000747,2024-08-27,ITM0703,OUT0741,2,74.35,10,133.83,18,UPI,4
ORD000748,2024-07-29,ITM0843,OUT0966,2,19.29,20,30.86,16,Credit/Debit Card,5
ORD000749,2023-07-15,ITM0644,OUT0236,1,169.13,5,160.67,16,Cash on Delivery,5
ORD000750,2023-10-17,ITM0655,OUT0698,1,193.85,5,239.4,15,UPI,3
ORD000751,2024-11-20,ITM0211,OUT0580,1,191.75,0,249.28,6,Wallet,4
ORD000752,2023-03-06,ITM0635,OUT0015,4,575.45,20,1841.44,10,UPI,4
ORD000753,2024-01-17,ITM0483,OUT0769,2,49.77,0,99.54,9,UPI,4
ORD000754,2023-06-01,ITM0368,OUT0896,1,149.41,5,141.94,,Credit/Debit Card,4
ORD000755,2024-08-07,ITM0533,OUT0953,5,111.25,15,472.81,15,Credit/Debit Card,5
ORD000756,2024-08-30,ITM0352,OUT0785,1,67.67,0,67.67,6,Credit/Debit Card,3
ORD000757,2023-10-23,ITM0004,OUT0512,1,135.9,15,150.17,8,Credit/Debit Card,3
ORD000758,2023-12-05,ITM0592,OUT0830,2,81.68,20,130.69,5,Wallet,4
ORD000759,2024-08-14,ITM0108,OUT0796,1,367.56,5,349.18,12,UPI,3
ORD000760,2023-09-21,ITM0343,OUT0253,1,159.46,25,119.59,15,UPI,5
ORD000761,2023-08-08,ITM0281,OUT0275,3,158.69,10,428.46,8,Credit/Debit Card,4
ORD000762,2023-08-26,ITM0894,OUT0853,4,290.32,0,1161.28,6,Cash on Delivery,4
ORD000763,2024-04-03,ITM0668,OUT0984,1,173,15,147.05,6,Cash on Delivery,4
ORD000764,2024-10-08,ITM0191,OUT0347,1,547.84,15,605.36,13,Cash on Delivery,3
ORD000765,2023-07-28,ITM0597,OUT0139,2,112.27,20,179.63,11,Wallet,4
ORD000766,2023-12-22,ITM0360,OUT0724,2,384.07,5,729.73,19,UPI,3
ORD000767,2023-10-03,ITM0632,OUT0141,1,51.39,10,60.13,10,UPI,4
ORD000768,2023-09-07,ITM0083,OUT0994,3,834.61,10,2253.45,10,Cash on Delivery,4
ORD000769,2023-11-12,ITM0208,OUT0490,1,145.67,15,160.97,8,UPI,
ORD000770,2024-11-22,ITM0721,OUT0294,2,67.42,5,166.53,13,Wallet,5
ORD000771,2023-02-05,ITM0322,OUT0105,1,135.99,0,135.99,16,Wallet,4
ORD000772,2024-05-05,ITM0518,OUT0232,2,171.44,0,342.88,16,UPI,4
ORD000773,2024-01-03,ITM0189,OUT0939,2,399.56,20,639.3,10,UPI,3
ORD000774,2023-05-04,ITM0145,OUT0805,1,103.41,5,98.24,18,UPI,2
ORD000775,2024-03-24,ITM0354,OUT0076,5,96.13,0,480.65,14,Wallet,2
ORD000776,2023-03-02,ITM0764,OUT0458,5,183.2,0,916,10,UPI,3
ORD000777,2023-11-27,ITM0055,OUT1000,4,297.64,10,1392.96,17,upi,4
ORD000778,2024-03-15,ITM0323,OUT0021,2,753.94,10,1357.09,12,UPI,
ORD000779,2024-12-12,ITM0512,OUT0194,2,121.42,15,206.41,11,Wallet,3
ORD000780,2023-12-12,ITM0506,OUT0533,3,273.63,10,738.8,15,Wallet,5
ORD000781,2023-08-20,ITM0054,OUT0122,3,154.98,10,418.45,13,Credit/Debit Card,4
ORD000782,2023-10-06,ITM0505,OUT0139,1,49.67,5,61.34,8,UPI,3
ORD000783,2024-07-14,ITM0909,OUT0387,2,54.55,0,109.1,19,Cash on Delivery,2
ORD000784,2023-03-26,ITM0326,OUT0436,1,56.23,25,42.17,19,Credit/Debit Card,4
ORD000785,2024-06-08,ITM0158,OUT0363,1,184.31,10,165.88,8,Wallet,4
ORD000786,2023-05-14,ITM0127,OUT0391,4,56.9,20,182.08,9,Wallet,3
ORD000787,2023-05-03,ITM0767,OUT0629,1,778.69,0,778.69,13,UPI,4
ORD000788,2024-03-18,ITM0293,OUT0391,2,231.72,5,440.27,10,Wallet,3
ORD000789,2023-12-04,ITM0610,OUT0146,1,389.92,5,370.42,5,Credit/Debit Card,5
ORD000790,2023-02-21,ITM0698,OUT0104,1,170.03,0,170.03,14,Credit/Debit Card,4
ORD000791,2023-07-30,ITM0168,OUT0631,1,391.21,5,371.65,7,UPI,4
ORD000792,2024-03-25,ITM0392,OUT0719,1,182.33,20,145.86,7,UPI,5
ORD000793,2023-04-19,ITM0664,OUT0084,4,30.13,10,108.47,8,Cash on Delivery,5
ORD000794,2023-05-29,ITM0871,OUT0520,2,282.08,15,479.54,14,UPI,4
ORD000795,2024-02-23,ITM0642,OUT0858,1,351.83,5,334.24,14,Cash on Delivery,4
ORD000796,2024-10-16,ITM0198,OUT0542,1,169.75,20,176.54,12,Credit/Debit Card,3
ORD000797,2024-04-11,ITM0104,OUT0845,3,198.09,0,594.27,5,Credit/Debit Card,4
ORD000798,2024-11-08,ITM0172,OUT0721,1,40.54,0,52.7,16,UPI,5
ORD000799,2023-08-28,ITM0613,OUT0519,3,67.76,0,203.28,9,UPI,5
ORD000800,2023-10-25,ITM0440,OUT0892,1,233.9,5,288.87,15,Wallet,3
ORD000801,2023-01-05,ITM0632,OUT0624,1,51.39,0,51.39,13,UPI,4
ORD000802,2023-12-22,ITM0655,OUT0136,1,193.85,5,184.16,5,UPI,4
ORD000803,2024-05-12,ITM0257,OUT0536,3,181.36,20,435.26,14,Wallet,4
ORD000804,2023-07-18,ITM0520,OUT0633,1,25.79,5,24.5,10,UPI,
ORD000805,2023-02-15,ITM0675,OUT0867,2,20.06,0,40.12,8,Wallet,3
ORD000806,2024-08-19,ITM0692,OUT0723,2,154.59,15,262.8,14,UPI,4
ORD000807,2023-12-15,ITM0013,OUT0511,4,102.39,10,368.6,11,UPI,3
ORD000808,2024-05-10,ITM0075,OUT0920,4,138.94,10,500.18,13,Cash on Delivery,3
ORD000809,2023-11-24,ITM0674,OUT0222,2,272.73,15,602.73,5,UPI,5
ORD000810,2024-01-22,ITM0698,OUT0528,1,170.03,0,170.03,11,upi,4
ORD000811,2023-06-08,ITM0053,OUT0907,3,249.25,0,747.75,7,UPI,4
ORD000812,2024-03-23,ITM0469,OUT0459,1,18.69,15,15.89,8,UPI,4
ORD000813,2023-08-26,ITM0047,OUT0143,4,512.72,0,2050.88,12,Credit/Debit Card,4
ORD000814,2023-10-18,ITM0446,OUT0944,2,300.55,10,703.29,10,Wallet,4
ORD000815,2024-05-03,ITM0957,OUT0273,2,380.59,0,761.18,5,Wallet,4
ORD000816,2024-05-09,ITM0340,OUT0695,3,169.14,0,507.42,11,Cash on Delivery,4
ORD000817,2023-12-26,ITM1000,OUT0041,1,179.98,0,179.98,12,Wallet,2
ORD000818,2024-03-14,ITM0449,OUT0669,1,205.93,5,195.63,15,UPI,4
ORD000819,2023-09-20,ITM0915,OUT0499,1,55.09,5,52.34,8,Cash on Delivery,5
ORD000820,2024-07-11,ITM0534,OUT0469,4,228.51,5,868.34,10,UPI,5
ORD000821,2024-09-13,ITM0398,OUT0180,2,55.64,0,111.28,12,UPI,3
ORD000822,2023-07-31,ITM0640,OUT0692,1,42.78,0,42.78,5,UPI,3
ORD000823,2024-06-07,ITM0727,OUT0621,1,296.3,20,237.04,5,Cash on Delivery,4
ORD000824,2024-01-27,ITM0420,OUT0153,1,106.43,20,85.14,9,UPI,5
ORD000825,2023-05-08,ITM0462,OUT0620,1,443.19,5,421.03,8,Wallet,5
ORD000826,2023-08-10,ITM0995,OUT0053,2,125.4,0,250.8,20,Wallet,5
ORD000827,2023-09-17,ITM0925,OUT0213,2,88.93,0,177.86,12,UPI,3
ORD000828,2023-11-22,ITM0013,OUT0182,1,102.39,0,133.11,5,UPI,4
ORD000829,2023-02-15,ITM0784,OUT0421,3,83.85,5,238.97,7,UPI,4
ORD000830,2023-07-03,ITM0586,OUT0750,3,698.83,5,1991.67,11,UPI,4
ORD000831,2023-12-26,ITM0072,OUT0375,1,208.88,5,198.44,12,Credit/Debit Card,5
ORD000832,2023-02-08,ITM0792,OUT0650,1,389.85,20,311.88,5,UPI,4
ORD000833,2024-11-28,ITM0649,OUT0592,2,91.49,15,202.19,13,Credit/Debit Card,4
ORD000834,2024-11-14,ITM0966,OUT0914,1,390.11,10,456.43,10,UPI,3
ORD000835,2024-12-09,ITM0484,OUT0011,1,196.4,0,196.4,13,Wallet,4
ORD000836,2024-03-14,ITM0449,OUT0257,4,205.93,0,823.72,5,UPI,5
ORD000837,2024-11-24,ITM0097,OUT0018,2,115.68,5,285.73,11,UPI,4
ORD000838,2024-08-07,ITM0227,OUT0481,1,804.32,10,723.89,6,UPI,4
ORD000839,2023-11-12,ITM0279,OUT0836,2,57.79,15,127.72,11,UPI,4
ORD000840,2024-11-28,ITM0402,OUT0797,1,232.56,15,256.98,5,UPI,4
ORD000841,2024-04-09,ITM0844,OUT0779,1,118.8,0,118.8,16,Credit/Debit Card,5
ORD000842,2024-01-29,ITM0216,OUT0215,1,151.87,10,136.68,13,Credit/Debit Card,4
ORD000843,2024-07-06,ITM0967,OUT0473,4,164.81,10,593.32,10,Credit/Debit Card,4
ORD000844,2024-10-19,ITM0654,OUT0180,1,190.85,20,198.48,7,UPI,4
ORD000845,2024-04-01,ITM0488,OUT0821,2,100.1,20,160.16,10,UPI,4
ORD000846,2024-02-28,ITM0219,OUT0736,1,10.66,0,10.66,11,UPI,3
ORD000847,2024-03-28,ITM0705,OUT0508,4,232.75,10,837.9,11,UPI,5
ORD000848,2023-04-16,ITM0703,OUT0510,3,74.35,10,200.74,12,UPI,3
ORD000849,2024-12-12,ITM0401,OUT0551,4,543.4,0,2173.6,8,Credit/Debit Card,3
ORD000850,2023-11-19,ITM0012,OUT0655,1,307.32,0,399.52,19,UPI,4
ORD000851,2024-05-09,ITM0309,OUT0954,1,151.26,10,136.13,8,UPI,3
ORD000852,2023-05-06,ITM0553,OUT0084,2,72.78,5,138.28,13,UPI,3
ORD000853,2023-10-23,ITM0082,OUT0389,2,466.63,5,1152.58,11,Wallet,4
ORD000854,2024-11-11,ITM0410,OUT0083,1,285.19,10,333.67,11,UPI,4
ORD000855,2024-10-11,ITM0747,OUT0941,1,50.75,0,65.98,8,Wallet,3
ORD000856,2024-12-22,ITM0464,OUT0681,4,42.49,10,152.96,20,UPI,2
ORD000857,2024-06-02,ITM0423,OUT0980,1,129.87,5,123.38,11,Credit/Debit Card,4
ORD000858,2023-08-06,ITM0752,OUT0636,1,111.21,0,111.21,17,Cash on Delivery,4
ORD000859,2023-01-11,ITM0641,OUT0873,3,445.12,5,1268.59,11,Wallet,5
ORD000860,2024-09-18,ITM0423,OUT0648,1,129.87,15,110.39,12,UPI,5
ORD000861,2023-01-05,ITM0205,OUT0754,2,25.82,20,41.31,7,Credit/Debit Card,5
ORD000862,2024-11-03,ITM0196,OUT0126,3,62.32,0,243.05,10,UPI,4
ORD000863,2023-10-06,ITM0276,OUT0984,3,396.23,15,1313.5,11,Wallet,4
ORD000864,2024-06-17,ITM0584,OUT0520,1,135.55,0,135.55,16,Credit/Debit Card,3
ORD000865,2024-07-29,ITM0953,OUT0440,1,131.38,10,118.24,11,UPI,4
ORD000866,2023-01-12,ITM0490,OUT0571,2,280.33,5,532.63,12,Wallet,3
ORD000867,2024-04-07,ITM0136,OUT0323,1,93.58,5,88.9,14,UPI,4
ORD000868,2023-09-17,ITM0666,OUT0264,2,250.26,0,500.52,12,UPI,3
ORD000869,2023-05-30,ITM0954,OUT0324,2,416.16,15,707.47,7,UPI,5
ORD000870,2024-03-09,ITM0698,OUT0415,4,170.03,0,680.12,11,Credit/Debit Card,4
ORD000871,2024-12-26,ITM0308,OUT0182,1,124.98,10,112.48,18,Wallet,3
ORD000872,2024-10-09,ITM0316,OUT0035,1,162.33,0,211.03,7,UPI,
ORD000873,2023-04-07,ITM0146,OUT0640,1,81.22,10,73.1,5,UPI,4
ORD000874,2023-02-20,ITM0807,OUT0694,3,102.52,15,261.43,8,Credit/Debit Card,4
ORD000875,2023-07-01,ITM0698,OUT0670,1,170.03,15,144.53,7,UPI,4
ORD000876,2023-06-27,ITM0254,OUT0663,1,90.68,10,81.61,11,UPI,3
ORD000877,2023-01-22,ITM0522,OUT0733,1,306.62,0,306.62,13,UPI,3
ORD000878,2024-08-11,ITM0974,OUT0097,1,270.88,20,216.7,16,Credit/Debit Card,3
ORD000879,2023-08-22,ITM0935,OUT0100,1,92.26,20,73.81,12,UPI,5
ORD000880,2023-04-17,ITM0945,OUT0341,3,285.16,20,684.38,11,Credit/Debit Card,3
ORD000881,2024-09-18,ITM0844,OUT0079,4,118.8,5,451.44,7,Wallet,3
ORD000882,2023-05-09,ITM0131,OUT0576,1,853.04,20,682.43,12,UPI,5
ORD000883,2024-01-17,ITM0382,OUT0404,3,686.4,10,1853.28,13,UPI,3
ORD000884,2024-02-13,ITM0129,OUT0108,1,114.24,10,102.82,10,UPI,3
ORD000885,2023-06-23,ITM0696,OUT0029,2,387.98,0,775.96,14,UPI,4
ORD000886,2024-04-02,ITM0768,OUT0101,3,86.31,10,233.04,10,UPI,5
ORD000887,2023-12-25,ITM0711,OUT0780,3,30.42,0,91.26,9,UPI,4
ORD000888,2024-12-08,ITM0003,OUT0193,2,73.05,20,116.88,17,Credit/Debit Card,4
ORD000889,2023-07-13,ITM0933,OUT0655,1,139.58,0,139.58,11,Wallet,5
ORD000890,2023-06-11,ITM0921,OUT0949,1,77.76,15,66.1,13,UPI,4
ORD000892,2024-06-02,ITM0278,OUT0065,2,266.02,10,478.84,18,UPI,5
ORD000893,2023-09-20,ITM0744,OUT0135,1,407.68,10,366.91,8,UPI,4
ORD000894,2024-04-08,ITM0128,OUT0936,1,223.35,10,201.01,5,UPI,5
ORD000895,2024-01-11,ITM0930,OUT0221,1,281.61,10,253.45,8,UPI,3
ORD000896,2024-06-25,ITM0618,OUT0713,5,283.66,0,1418.3,11,UPI,4
ORD000897,2024-09-11,ITM0786,OUT0569,2,305.12,20,488.19,,Credit/Debit Card,4
ORD000898,2024-04-26,ITM0883,OUT0262,2,99.83,0,199.66,12,UPI,4
ORD000899,2024-06-23,ITM0025,OUT0775,1,90.85,5,86.31,16,Credit/Debit Card,5
ORD000900,2024-06-15,ITM0314,OUT0105,2,75.04,5,142.58,23,Cash on Delivery,3
ORD000901,2023-02-01,ITM0323,OUT0235,4,753.94,5,2864.97,16,UPI,3
ORD000902,2023-01-13,ITM0120,OUT0625,2,106.86,0,213.72,7,UPI,4
ORD000903,2023-01-20,ITM0243,OUT0726,3,82.38,25,185.35,9,Cash on Delivery,4
ORD000904,2024-04-04,ITM0702,OUT0311,1,376.29,10,338.66,8,Wallet,3
ORD000905,2024-05-07,ITM0153,OUT0936,2,396.2,15,673.54,8,Credit/Debit Card,4
ORD000906,2023-03-31,ITM0925,OUT0179,1,88.93,20,71.14,17,UPI,4
ORD000907,2024-12-10,ITM0077,OUT0598,2,137.8,10,248.04,18,Wallet,3
ORD000908,2023-03-12,ITM0276,OUT0322,1,396.23,15,336.8,6,UPI,3
ORD000909,2023-06-10,ITM0608,OUT0828,2,27.86,5,52.93,12,UPI,4
ORD000910,2023-11-17,ITM0844,OUT0387,1,118.8,0,154.44,9,UPI,4
ORD000911,2023-03-29,ITM0265,OUT0405,5,113.86,15,483.9,9,Cash on Delivery,5
ORD000912,2023-05-08,ITM0769,OUT0490,3,99.78,10,269.41,19,UPI,3
ORD000913,2024-06-04,ITM0062,OUT0394,3,65.22,15,166.31,12,Credit/Debit Card,4
ORD000914,2024-08-22,ITM0500,OUT0149,3,210.27,0,630.81,5,UPI,3
ORD000915,2023-09-01,ITM0693,OUT0914,1,274.54,10,247.09,16,UPI,3
ORD000916,2023-11-29,ITM0390,OUT0190,3,221.61,5,821.07,10,Cash on Delivery,3
ORD000917,2024-05-05,ITM0545,OUT0384,3,50.33,15,128.34,6,Credit/Debit Card,4
ORD000918,2023-12-31,ITM0586,OUT0424,3,698.83,5,1991.67,10,Wallet,5
ORD000919,2023-08-28,ITM0261,OUT0231,1,265.86,10,239.27,8,UPI,4
ORD000920,2023-04-26,ITM0892,OUT0444,2,30.24,0,60.48,14,UPI,3
ORD000921,2023-04-06,ITM0473,OUT0242,1,111.84,0,111.84,18,UPI,5
ORD000922,2024-04-22,ITM0005,OUT0699,4,350.57,10,1262.05,5,Wallet,2
ORD000923,2024-01-06,ITM0469,OUT0109,3,18.69,25,42.05,12,Credit/Debit Card,3
ORD000924,2024-05-11,ITM0978,OUT0074,1,52.69,15,44.79,13,UPI,4
ORD000925,2023-12-29,ITM0244,OUT0026,2,160.93,5,305.77,9,Wallet,3
ORD000926,2023-07-09,ITM0592,OUT0963,1,81.68,0,81.68,14,UPI,3
ORD000927,2023-05-05,ITM0626,OUT0661,1,53.52,10,48.17,19,Wallet,4
ORD000928,2023-01-14,ITM0492,OUT0782,3,207.76,25,467.46,11,UPI,4
ORD000929,2024-07-03,ITM0626,OUT0487,3,53.52,5,152.53,11,Cash on Delivery,5
ORD000930,2024-02-08,ITM0352,OUT0692,2,67.67,15,115.04,11,UPI,3
ORD000931,2024-04-30,ITM0175,OUT0782,1,78.4,0,78.4,12,Credit/Debit Card,3
ORD000932,2023-04-18,ITM0364,OUT0746,4,79.27,5,301.23,8,UPI,4
ORD000933,2023-09-12,ITM0098,OUT0054,1,283.41,0,283.41,7,Wallet,4
ORD000934,2023-10-02,ITM0539,OUT0629,1,92.46,10,108.18,12,Wallet,3
ORD000935,2024-12-30,ITM0199,OUT0621,2,311.04,10,559.87,5,Cash on Delivery,4
ORD000936,2023-04-03,ITM0346,OUT0516,1,552.4,20,441.92,5,UPI,4
ORD000937,2024-04-14,ITM0826,OUT0703,1,571.9,0,571.9,14,UPI,3
ORD000938,2023-11-23,ITM0964,OUT0151,2,112.01,0,291.23,14,UPI,4
ORD000939,2023-06-18,ITM0659,OUT0911,3,749.28,5,2135.45,18,UPI,4
ORD000940,2023-02-12,ITM0023,OUT0206,3,711.99,0,2135.97,11,UPI,4
ORD000941,2024-01-19,ITM0304,OUT0468,1,78,25,58.5,8,UPI,5
ORD000942,2024-01-28,ITM0130,OUT0119,2,648.86,5,1232.83,20,UPI,4
ORD000943,2023-04-27,ITM0929,OUT0164,1,90.5,10,81.45,11,UPI,4
ORD000944,2024-03-24,ITM0077,OUT0752,1,137.8,25,103.35,11,UPI,3
ORD000945,2024-08-13,ITM0501,OUT0873,3,270.82,0,812.46,9,UPI,3
ORD000946,2024-01-22,ITM0534,OUT0256,1,228.51,5,217.08,10,UPI,4
ORD000947,2024-06-01,ITM0904,OUT0728,1,157.07,5,149.22,14,UPI,4
ORD000948,2024-10-09,ITM0937,OUT0581,2,92.43,10,216.29,13,Credit/Debit Card,3
ORD000949,2023-06-18,ITM0215,OUT0583,1,430.87,10,387.78,10,Credit/Debit Card,3
ORD000950,2024-07-07,ITM0458,OUT0551,2,92.6,10,166.68,5,UPI,2
ORD000951,2023-10-03,ITM0670,OUT0235,1,328.83,0,427.48,6,UPI,2
ORD000952,2024-06-19,ITM0299,OUT0923,5,206.19,0,1030.95,11,Cash on Delivery,4
ORD000953,2024-02-15,ITM0014,OUT0405,1,118.71,15,100.9,12,Credit/Debit Card,3
ORD000954,2023-05-07,ITM0047,OUT0900,1,512.72,0,512.72,10,UPI,3
ORD000955,2023-03-13,ITM0511,OUT0632,1,166.8,5,158.46,9,Credit/Debit Card,4
ORD000956,2024-04-23,ITM0893,OUT0220,2,580.05,20,928.08,12,UPI,3
ORD000957,2023-09-02,ITM0565,OUT0309,1,69.61,25,52.21,7,Credit/Debit Card,5
ORD000958,2023-05-19,ITM0904,OUT0969,2,157.07,25,235.6,10,credit/debit card,4
ORD000959,2023-07-15,ITM0195,OUT0011,1,85.72,5,81.43,12,credit/debit card,4
ORD000960,2024-08-09,ITM0656,OUT0897,5,35.4,20,141.6,15,Wallet,4
ORD000961,2024-10-13,ITM0175,OUT0151,1,78.4,10,91.73,17,Cash on Delivery,4
ORD000962,2023-12-25,ITM0176,OUT0294,1,132.63,5,126,11,UPI,4
ORD000963,2024-09-29,ITM0023,OUT0779,5,711.99,10,3203.95,9,UPI,3
ORD000964,2024-12-20,ITM0067,OUT0511,1,289.35,5,274.88,13,UPI,3
ORD000965,2023-12-14,ITM0381,OUT0114,4,179.49,15,610.27,7,UPI,5
ORD000966,2023-04-14,ITM0062,OUT0060,1,65.22,15,55.44,14,Credit/Debit Card,4
ORD000967,2024-11-03,ITM0724,OUT0739,4,154.41,15,682.49,21,Credit/Debit Card,5
ORD000968,2023-09-06,ITM0214,OUT0085,1,331.52,0,331.52,10,UPI,4
ORD000969,2023-10-26,ITM0970,OUT0377,1,273.53,5,337.81,8,Credit/Debit Card,3
ORD000970,2024-04-21,ITM0028,OUT0512,1,35.78,10,32.2,16,UPI,4
ORD000971,2024-12-29,ITM0743,OUT0794,4,239.94,0,959.76,9,UPI,5
ORD000972,2023-08-30,ITM0660,OUT0431,1,438.68,15,372.88,16,Cash on Delivery,3
ORD000973,2023-05-14,ITM0870,OUT0773,1,156.92,0,156.92,15,UPI,4
ORD000974,2023-03-17,ITM0610,OUT0211,1,389.92,5,370.42,5,UPI,3
ORD000975,2023-02-01,ITM0489,OUT0174,2,380.8,0,761.6,15,UPI,4
ORD000976,2023-04-09,ITM0738,OUT0270,1,247.14,0,247.14,13,UPI,4
ORD000977,2023-07-18,ITM0537,OUT0384,3,253.6,25,570.6,,UPI,3
ORD000978,2023-01-23,ITM0974,OUT0484,1,270.88,25,203.16,5,UPI,4
ORD000979,2024-01-02,ITM0681,OUT0828,2,288.66,5,548.45,13,UPI,4
ORD000981,2024-11-16,ITM0127,OUT0887,1,56.9,5,70.27,14,UPI,5
ORD000982,2023-08-23,ITM0205,OUT0571,1,25.82,15,21.95,5,UPI,5
ORD000983,2023-04-15,ITM0500,OUT0565,1,210.27,10,189.24,18,Credit/Debit Card,3
ORD000984,2024-01-24,ITM0148,OUT0243,2,47.65,15,81,8,UPI,4
ORD000985,2023-07-30,ITM0593,OUT0454,2,109.41,15,186,18,UPI,3
ORD000986,2024-08-18,ITM0265,OUT0148,1,113.86,20,91.09,12,UPI,4
ORD000987,2023-01-19,ITM0992,OUT0188,3,182.67,15,465.81,7,UPI,5
ORD000988,2023-08-07,ITM0263,OUT0425,1,669.56,15,569.13,7,Credit/Debit Card,3
ORD000989,2024-11-06,ITM0233,OUT0127,2,411.63,0,1070.24,13,Cash on Delivery,4
ORD000990,2023-11-13,ITM0369,OUT0367,3,374.63,10,1314.95,8,UPI,3
ORD000991,2024-03-07,ITM0103,OUT0415,2,67.19,10,120.94,7,UPI,3
ORD000992,2024-12-13,ITM0262,OUT0102,3,212.22,0,636.66,5,Cash on Delivery,3
ORD000993,2023-12-02,ITM0075,OUT0202,4,138.94,10,500.18,18,Wallet,5
ORD000994,2023-06-18,ITM0264,OUT0904,1,475.21,25,356.41,16,UPI,4
ORD000995,2024-04-13,ITM0804,OUT0985,1,385.67,5,366.39,13,Cash on Delivery,4
ORD000996,2023-02-12,ITM0061,OUT0969,4,90.12,0,360.48,15,Wallet,3
ORD000997,2023-07-09,ITM0716,OUT0023,1,240.36,15,204.31,14,Credit/Debit Card,3
ORD000998,2023-09-20,ITM0423,OUT0143,1,129.87,20,103.9,14,Wallet,3
ORD000999,2023-05-16,ITM0681,OUT0541,3,288.66,5,822.68,7,UPI,5
ORD001000,2023-05-08,ITM0372,OUT0272,2,433.82,10,780.88,10,UPI,3
